City_ID,City,Lat,Lng,Max Temp,Humidity,Cloudiness,Wind Speed,Country,Date
0,Carnarvon,-24.8667,113.6333,84.27,54,0,10.36,AU,2022-02-10 01:31:07
1,Yulara,-25.2406,130.9889,87.64,29,64,14.97,AU,2022-02-10 01:34:28
2,Albany,42.6001,-73.9662,40.68,66,100,4.56,US,2022-02-10 01:27:25
3,Sao Filipe,14.8961,-24.4956,76.96,55,98,5.86,CV,2022-02-10 01:37:45
4,Mzimba,-11.9,33.6,62.92,96,98,1.54,MW,2022-02-10 01:37:46
5,Pisco,-13.7,-76.2167,71.02,88,40,1.7,PE,2022-02-10 01:36:22
6,Kaeo,-35.1,173.7833,77.32,85,100,9.24,NZ,2022-02-10 01:37:47
7,Busselton,-33.65,115.3333,77.04,41,5,6.89,AU,2022-02-10 01:31:03
8,Itarema,-2.9248,-39.9167,77.85,77,16,8.28,BR,2022-02-10 01:37:48
9,Hithadhoo,-0.6,73.0833,81.73,74,14,11.86,MV,2022-02-10 01:37:49
10,Tuktoyaktuk,69.4541,-133.0374,-20.2,69,75,14.97,CA,2022-02-10 01:36:27
11,Kapaa,22.0752,-159.319,79.12,67,75,9.22,US,2022-02-10 01:31:03
12,Vaini,-21.2,-175.2,86.16,89,40,10.36,TO,2022-02-10 01:32:42
13,Bethel,41.3712,-73.414,36.93,78,64,3.27,US,2022-02-10 01:37:51
14,Orange,33.7,-117.7675,84.04,22,0,3.44,US,2022-02-10 01:34:59
15,Maningrida,-12.0667,134.2667,87.8,60,90,7.74,AU,2022-02-10 01:37:53
16,Zhengjiatun,43.5064,123.5064,21.15,70,17,2.71,CN,2022-02-10 01:37:53
17,Ostrovnoy,68.0531,39.5131,23.5,87,100,21.88,RU,2022-02-10 01:37:54
18,Castro,-24.7911,-50.0119,59.0,98,16,6.04,BR,2022-02-10 01:31:13
19,Port Alfred,-33.5906,26.891,64.9,84,1,9.08,ZA,2022-02-10 01:37:55
20,Ushuaia,-54.8,-68.3,47.86,46,40,20.71,AR,2022-02-10 01:31:00
21,Barrow,71.2906,-156.7887,-20.18,69,100,12.66,US,2022-02-10 01:37:56
22,Nouakchott,18.0858,-15.9785,69.73,24,9,13.96,MR,2022-02-10 01:37:57
23,Rikitea,-23.1203,-134.9692,79.07,72,50,16.42,PF,2022-02-10 01:31:06
24,Touros,-5.1989,-35.4608,81.5,71,78,8.81,BR,2022-02-10 01:37:58
25,Takapau,-40.0333,176.35,88.74,53,12,2.71,NZ,2022-02-10 01:37:58
26,Upernavik,72.7868,-56.1549,-14.31,81,100,12.91,GL,2022-02-10 01:30:00
27,Ialibu,-6.2821,143.9935,67.59,80,81,3.49,PG,2022-02-10 01:37:59
28,Puerto Del Rosario,28.5004,-13.8627,73.08,37,97,5.75,ES,2022-02-10 01:38:00
29,Bluff,-46.6,168.3333,63.25,89,55,12.66,NZ,2022-02-10 01:38:00
30,Saint George,37.1041,-113.5841,63.19,22,0,23.02,US,2022-02-10 01:36:41
31,Sao Joao Da Barra,-21.6403,-41.0511,68.59,96,100,9.69,BR,2022-02-10 01:33:54
32,Punta Arenas,-53.15,-70.9167,46.51,57,40,21.85,CL,2022-02-10 01:30:28
33,Miles City,46.4083,-105.8406,43.52,75,0,0.0,US,2022-02-10 01:38:02
34,Luderitz,-26.6481,15.1594,73.49,52,80,16.73,NA,2022-02-10 01:32:47
35,Ribeira Grande,38.5167,-28.7,59.34,71,2,15.61,PT,2022-02-10 01:38:03
36,Tasiilaq,65.6145,-37.6368,14.16,54,100,8.7,GL,2022-02-10 01:34:06
37,Pokhara,28.2333,83.9833,50.2,70,72,4.65,NP,2022-02-10 01:38:05
38,Rabak,13.1809,32.74,72.21,25,0,12.53,SD,2022-02-10 01:38:05
39,Santa Maria,-29.6842,-53.8069,69.1,73,0,8.05,BR,2022-02-10 01:35:00
40,Pacific Grove,36.6177,-121.9166,73.35,54,0,1.01,US,2022-02-10 01:38:06
41,Bambous Virieux,-20.3428,57.7575,74.21,77,95,5.7,MU,2022-02-10 01:31:35
42,Imamoglu,37.2651,35.6572,43.83,89,87,1.25,TR,2022-02-10 01:38:07
43,Atuona,-9.8,-139.0333,78.55,76,10,17.49,PF,2022-02-10 01:34:08
44,Meulaboh,4.1363,96.1285,75.15,87,100,9.48,ID,2022-02-10 01:39:08
45,Katsuura,35.1333,140.3,42.82,83,100,19.46,JP,2022-02-10 01:39:09
46,Durban,-29.8579,31.0292,76.01,90,33,6.04,ZA,2022-02-10 01:39:10
47,Pouembout,-21.1333,164.9,80.85,91,100,14.79,NC,2022-02-10 01:39:10
48,Tiksi,71.6872,128.8694,-12.98,93,100,12.73,RU,2022-02-10 01:28:14
49,Lavrentiya,65.5833,-171.0,-24.12,94,21,7.92,RU,2022-02-10 01:39:11
50,Pauini,-7.7136,-66.9764,73.09,98,94,2.53,BR,2022-02-10 01:39:12
51,Hollins,37.3413,-79.9431,52.18,46,40,6.91,US,2022-02-10 01:39:13
52,Hilo,19.7297,-155.09,76.24,84,35,5.01,US,2022-02-10 01:32:26
53,Panguna,-6.3164,155.4848,80.26,72,58,2.77,PG,2022-02-10 01:39:14
54,Evensk,61.95,159.2333,-4.61,74,74,1.59,RU,2022-02-10 01:39:15
55,Mar Del Plata,-38.0023,-57.5575,69.87,78,0,15.99,AR,2022-02-10 01:38:18
56,Cockburn Town,21.4612,-71.1419,77.92,74,0,19.64,TC,2022-02-10 01:32:45
57,Bucak,37.4592,30.595,37.44,85,12,10.18,TR,2022-02-10 01:39:16
58,Hambantota,6.1241,81.1185,73.74,100,40,5.75,LK,2022-02-10 01:39:17
59,Yerbogachen,61.2767,108.0108,-21.26,97,94,4.14,RU,2022-02-10 01:39:17
60,Padang,-0.9492,100.3543,77.05,53,100,0.67,ID,2022-02-10 01:39:18
61,Bulgan,48.8125,103.5347,0.81,95,100,3.11,MN,2022-02-10 01:39:19
62,Hermanus,-34.4187,19.2345,66.9,87,99,7.05,ZA,2022-02-10 01:32:28
63,Bengkulu,-3.8004,102.2655,77.07,68,100,5.01,ID,2022-02-10 01:39:20
64,Nikolskoye,59.7035,30.7861,35.87,98,100,10.83,RU,2022-02-10 01:31:08
65,Zhuhai,22.2769,113.5678,65.7,82,75,13.8,CN,2022-02-10 01:39:21
66,Inirida,3.8653,-67.9239,73.0,93,100,1.77,CO,2022-02-10 01:39:22
67,Qui Nhon,13.7667,109.2333,76.87,84,37,7.74,VN,2022-02-10 01:39:22
68,Yar-Sale,66.8333,70.8333,0.09,97,50,12.28,RU,2022-02-10 01:39:23
69,Benghazi,32.1167,20.0667,54.28,56,0,11.3,LY,2022-02-10 01:39:24
70,East London,-33.0153,27.9116,67.59,77,0,6.02,ZA,2022-02-10 01:34:04
71,Cape Town,-33.9258,18.4232,68.88,87,75,6.91,ZA,2022-02-10 01:29:37
72,Richards Bay,-28.783,32.0377,69.39,92,2,3.29,ZA,2022-02-10 01:39:25
73,Vila Franca Do Campo,37.7167,-25.4333,58.19,79,30,9.1,PT,2022-02-10 01:39:26
74,Laguna,38.421,-121.4238,73.53,52,0,5.75,US,2022-02-10 01:32:22
75,Ambatofinandrahana,-20.55,46.8,62.94,96,57,3.09,MG,2022-02-10 01:39:27
76,Marapanim,-0.7175,-47.6997,73.85,95,79,2.73,BR,2022-02-10 01:39:28
77,Quang Ngai,15.1167,108.8,77.99,81,41,4.63,VN,2022-02-10 01:39:29
78,Taltal,-25.4,-70.4833,65.25,80,0,2.39,CL,2022-02-10 01:32:25
79,El Paraiso,13.8667,-86.55,65.53,73,34,4.18,HN,2022-02-10 01:39:30
80,Viedma,-40.8135,-62.9967,79.75,42,100,5.21,AR,2022-02-10 01:39:31
81,Vao,-22.6667,167.4833,81.05,86,100,30.62,NC,2022-02-10 01:39:31
82,Sulangan,11.1373,123.7228,79.83,77,22,20.85,PH,2022-02-10 01:39:32
83,Kieta,-6.2167,155.6333,85.08,74,40,7.92,PG,2022-02-10 01:39:32
84,Saskylakh,71.9167,114.0833,-0.47,90,99,13.47,RU,2022-02-10 01:31:17
85,Coolum Beach,-26.5333,153.1,83.34,56,0,11.86,AU,2022-02-10 01:39:34
86,Ninh Binh,20.2539,105.975,62.28,89,100,4.61,VN,2022-02-10 01:39:34
87,Phan Thiet,10.9333,108.1,84.42,58,41,8.79,VN,2022-02-10 01:39:35
88,Cherskiy,68.75,161.3,-39.84,99,90,5.08,RU,2022-02-10 01:29:22
89,Mataura,-46.1927,168.8643,81.05,34,23,6.13,NZ,2022-02-10 01:31:08
90,Mount Isa,-20.7333,139.5,92.97,46,55,8.05,AU,2022-02-10 01:40:36
91,Bredasdorp,-34.5322,20.0403,65.52,82,100,4.61,ZA,2022-02-10 01:27:38
92,Darhan,49.4867,105.9228,-3.77,90,100,5.26,MN,2022-02-10 01:40:38
93,Kaitangata,-46.2817,169.8464,68.94,83,84,3.04,NZ,2022-02-10 01:32:30
94,Svetlaya,46.5389,138.3297,20.71,56,16,2.39,RU,2022-02-10 01:26:23
95,Xacmaz,41.4635,48.806,40.91,85,3,9.44,AZ,2022-02-10 01:40:39
96,Menongue,-14.6585,17.691,58.06,97,100,3.49,AO,2022-02-10 01:39:17
97,Port Elizabeth,-33.918,25.5701,64.69,82,0,6.91,ZA,2022-02-10 01:36:24
98,Sakakah,29.9697,40.2064,53.17,61,0,13.35,SA,2022-02-10 01:40:41
99,Elizabeth City,36.2946,-76.2511,46.02,76,0,0.0,US,2022-02-10 01:40:42
100,Redmond,47.674,-122.1215,53.35,79,96,1.01,US,2022-02-10 01:39:46
101,Katakwi,1.8911,33.9661,71.02,44,100,3.06,UG,2022-02-10 01:33:55
102,Havre-Saint-Pierre,50.2334,-63.5986,30.2,93,100,6.91,CA,2022-02-10 01:39:57
103,Jamestown,42.097,-79.2353,45.72,37,0,11.5,US,2022-02-10 01:32:46
104,Nishihara,26.1842,127.7558,65.86,77,75,20.71,JP,2022-02-10 01:40:44
105,Aklavik,68.2191,-135.0107,-19.37,96,100,7.05,CA,2022-02-10 01:32:48
106,Paamiut,61.994,-49.6678,21.7,78,100,19.04,GL,2022-02-10 01:40:45
107,Salisbury,51.0693,-1.7957,47.48,92,75,5.75,GB,2022-02-10 01:40:46
108,Avarua,-21.2078,-159.775,80.65,83,100,16.11,CK,2022-02-10 01:32:45
109,Muborak,39.2553,65.1528,41.88,43,1,10.45,UZ,2022-02-10 01:40:47
110,Kuala Selangor,3.35,101.25,78.6,88,100,3.67,MY,2022-02-10 01:40:48
111,Pangnirtung,66.1451,-65.7125,-20.31,97,100,5.59,CA,2022-02-10 01:40:49
112,Staryy Nadym,65.6118,72.6842,-4.14,92,31,13.65,RU,2022-02-10 01:40:49
113,Cooma,-36.2333,149.1333,76.77,46,100,5.75,AU,2022-02-10 01:40:50
114,Coihaique,-45.5752,-72.0662,52.41,80,5,6.06,CL,2022-02-10 01:40:51
115,New Norfolk,-42.7826,147.0587,71.1,33,10,9.31,AU,2022-02-10 01:32:29
116,Ochakiv,46.6128,31.5498,30.34,84,7,9.08,UA,2022-02-10 01:40:52
117,Hondo,32.45,130.2,48.15,66,37,5.7,JP,2022-02-10 01:40:53
118,San Benito,36.6166,-121.0844,58.26,58,100,3.56,US,2022-02-10 01:40:53
119,Dharchula,29.85,80.5333,38.82,60,1,8.57,IN,2022-02-10 01:40:54
120,Archidona,37.0965,-4.3887,47.37,89,4,3.49,ES,2022-02-10 01:40:54
121,Mawlamyine,16.4914,97.6256,75.09,37,5,4.97,MM,2022-02-10 01:40:55
122,Camacha,33.0833,-16.3333,62.02,88,0,6.91,PT,2022-02-10 01:40:56
123,Port Blair,11.6667,92.75,78.84,78,20,9.22,IN,2022-02-10 01:40:57
124,Lander,42.833,-108.7307,43.61,44,0,13.8,US,2022-02-10 01:40:58
125,Atherton,53.5237,-2.4935,42.35,81,100,1.01,GB,2022-02-10 01:40:58
126,Tigre,-34.426,-58.5796,74.21,81,0,10.36,AR,2022-02-10 01:40:59
127,Bandar-E Lengeh,26.5579,54.8807,66.42,50,0,3.58,IR,2022-02-10 01:40:45
128,Tonj,7.2737,28.6822,76.84,24,10,6.46,SS,2022-02-10 01:41:00
129,Gunjur,13.2019,-16.7339,73.47,73,0,6.91,GM,2022-02-10 01:41:01
130,Kamenka,51.3223,42.7678,13.06,94,56,7.23,RU,2022-02-10 01:41:02
131,Nome,64.5011,-165.4064,-9.33,64,75,6.91,US,2022-02-10 01:40:12
132,Hobart,-42.8794,147.3294,71.46,45,75,16.11,AU,2022-02-10 01:35:09
133,Vanimo,-2.6741,141.3028,84.87,69,31,2.55,PG,2022-02-10 01:42:03
134,Kodiak,57.79,-152.4072,18.91,45,0,20.71,US,2022-02-10 01:32:38
135,Oyem,1.5995,11.5793,67.28,97,74,2.68,GA,2022-02-10 01:42:04
136,Sharan,54.8167,54.0,17.6,89,100,12.37,RU,2022-02-10 01:42:05
137,Bang Krathum,16.5783,100.3003,86.99,34,8,1.59,TH,2022-02-10 01:42:05
138,Huangchuan,32.1272,115.0394,42.24,68,3,3.83,CN,2022-02-10 01:42:06
139,Huron,41.1501,-82.5499,40.44,81,100,9.64,US,2022-02-10 01:42:06
140,Santa Rosa,14.3122,121.1114,85.08,64,60,13.51,PH,2022-02-10 01:37:08
141,Kovdor,67.5662,30.4758,20.62,94,99,6.8,RU,2022-02-10 01:42:07
142,Norman Wells,65.282,-126.8329,-7.56,71,100,3.44,CA,2022-02-10 01:42:08
143,Provideniya,64.3833,-173.3,-3.89,59,0,17.9,RU,2022-02-10 01:42:09
144,Hervey Bay,-25.2986,152.8535,88.03,56,0,8.01,AU,2022-02-10 01:42:09
145,Beira,-19.8436,34.8389,73.74,91,2,6.02,MZ,2022-02-10 01:42:10
146,Severo-Kurilsk,50.6789,156.125,30.97,75,100,18.92,RU,2022-02-10 01:42:11
147,Sawakin,19.1059,37.3321,74.08,83,60,7.78,SD,2022-02-10 01:42:12
148,Brigantine,39.4101,-74.3646,42.85,86,0,8.05,US,2022-02-10 01:42:13
149,Airai,-8.9266,125.4092,71.37,76,80,0.92,TL,2022-02-10 01:42:13
150,Thompson,55.7435,-97.8558,-0.24,65,100,2.3,CA,2022-02-10 01:42:14
151,Quelimane,-17.8786,36.8883,71.51,96,3,3.89,MZ,2022-02-10 01:37:30
152,Geraldton,-28.7667,114.6,82.81,34,0,5.75,AU,2022-02-10 01:40:35
153,Ponta Do Sol,32.6667,-17.1,65.12,58,100,3.8,PT,2022-02-10 01:32:44
154,Marsh Harbour,26.5412,-77.0636,72.18,79,86,10.69,BS,2022-02-10 01:40:56
155,Mahebourg,-20.4081,57.7,73.26,76,91,5.32,MU,2022-02-10 01:42:16
156,Codrington,-38.2667,141.9667,65.77,57,96,14.72,AU,2022-02-10 01:42:17
157,Orichi,58.4036,49.0572,27.86,96,100,9.08,RU,2022-02-10 01:42:17
158,Sorland,67.667,12.6934,40.98,73,100,27.25,NO,2022-02-10 01:42:18
159,Komsomolskiy,40.4272,71.7189,35.02,86,100,2.3,UZ,2022-02-10 01:42:18
160,Clyde River,70.4692,-68.5914,-12.77,70,100,28.77,CA,2022-02-10 01:42:19
161,Butaritari,3.0707,172.7902,81.79,77,100,15.26,KI,2022-02-10 01:42:20
162,Arraial Do Cabo,-22.9661,-42.0278,70.5,88,93,9.01,BR,2022-02-10 01:42:20
163,Ginir,7.1333,40.7,56.1,43,28,1.92,ET,2022-02-10 01:42:21
164,Mount Gambier,-37.8333,140.7667,67.91,45,100,17.27,AU,2022-02-10 01:42:22
165,Lompoc,34.6391,-120.4579,74.12,28,0,4.61,US,2022-02-10 01:41:10
166,Cao Bang,22.6667,106.25,51.37,97,100,2.33,VN,2022-02-10 01:42:22
167,Key Largo,25.0865,-80.4473,62.6,80,89,15.03,US,2022-02-10 01:42:23
168,San Pedro,14.35,121.0167,84.31,65,40,3.44,PH,2022-02-10 01:42:24
169,Stanislav,46.5691,32.1478,33.15,87,8,7.74,UA,2022-02-10 01:42:24
170,Cabo San Lucas,22.8909,-109.9124,72.7,64,20,11.5,MX,2022-02-10 01:38:52
171,Coos Bay,43.3665,-124.2179,57.24,88,0,14.97,US,2022-02-10 01:41:29
172,Saldanha,-33.0117,17.9442,62.65,93,38,3.06,ZA,2022-02-10 01:40:40
173,Pevek,69.7008,170.3133,-31.11,99,98,4.99,RU,2022-02-10 01:33:58
174,Port Hueneme,34.1478,-119.1951,82.62,15,0,12.66,US,2022-02-10 01:40:24
175,Chokurdakh,70.6333,147.9167,-20.9,98,100,11.97,RU,2022-02-10 01:36:26
176,Longyearbyen,78.2186,15.6401,13.84,85,40,6.91,SJ,2022-02-10 01:42:27
177,Maldonado,-34.6667,-54.9167,67.39,84,7,7.38,UY,2022-02-10 01:41:56
178,Karratha,-20.7377,116.8463,88.05,61,6,16.04,AU,2022-02-10 01:40:47
179,Louis Trichardt,-23.0439,29.9032,66.0,82,1,4.29,ZA,2022-02-10 01:42:28
180,Makat,47.6469,53.3463,27.91,85,100,19.44,KZ,2022-02-10 01:43:29
181,Salemi,37.8231,12.8056,47.82,64,0,5.57,IT,2022-02-10 01:43:29
182,Berdigestyakh,62.0989,126.6992,-22.83,96,64,1.36,RU,2022-02-10 01:43:30
183,Baruun-Urt,46.6806,113.2792,3.6,90,100,8.48,MN,2022-02-10 01:43:30
184,Acarau,-2.8856,-40.12,78.28,77,45,9.31,BR,2022-02-10 01:43:31
185,Muyezerskiy,63.9333,31.65,25.59,96,100,7.45,RU,2022-02-10 01:43:31
186,Kavaratti,10.5669,72.642,79.93,72,100,15.66,IN,2022-02-10 01:41:20
187,Orangeburg,33.4918,-80.8557,46.69,65,0,3.44,US,2022-02-10 01:38:55
188,Ancud,-41.8697,-73.8203,54.93,73,90,9.22,CL,2022-02-10 01:43:32
189,Lebu,-37.6167,-73.65,59.86,83,38,21.14,CL,2022-02-10 01:30:09
190,Vila Velha,-20.3297,-40.2925,75.15,86,75,8.01,BR,2022-02-10 01:42:41
191,Batagay-Alyta,67.8006,130.4114,-23.64,89,51,4.09,RU,2022-02-10 01:43:34
192,Cap Malheureux,-19.9842,57.6142,73.47,77,89,1.01,MU,2022-02-10 01:43:34
193,Muzhi,65.3667,64.6667,0.09,98,98,8.88,RU,2022-02-10 01:43:35
194,San Rafael Del Sur,11.8485,-86.4384,83.37,58,5,7.72,NI,2022-02-10 01:43:35
195,Ostroda,53.6967,19.9649,46.74,80,74,12.82,PL,2022-02-10 01:40:17
196,Fortuna,40.5982,-124.1573,68.86,65,0,1.99,US,2022-02-10 01:30:00
197,Roald,62.5833,6.1333,37.9,93,100,13.8,NO,2022-02-10 01:43:36
198,Qaanaaq,77.484,-69.3632,-20.78,66,96,7.27,GL,2022-02-10 01:40:49
199,Bardiyah,31.7561,25.0865,51.89,65,30,15.68,LY,2022-02-10 01:34:08
200,Torbay,47.6666,-52.7314,34.57,92,75,13.8,CA,2022-02-10 01:43:37
201,Mataram,-8.5833,116.1167,83.21,76,98,4.52,ID,2022-02-10 01:41:18
202,Marystown,47.1666,-55.1483,35.85,100,60,8.01,CA,2022-02-10 01:43:38
203,Qostanay,53.1667,63.5833,14.29,92,75,6.71,KZ,2022-02-10 01:43:39
204,Ovalle,-30.5983,-71.2003,68.95,68,0,3.98,CL,2022-02-10 01:43:11
205,Jerome,42.7241,-114.5186,36.95,83,0,4.61,US,2022-02-10 01:43:40
206,Mamallapuram,12.6264,80.1722,75.06,71,48,7.56,IN,2022-02-10 01:43:41
207,Talcahuano,-36.7167,-73.1167,64.08,52,0,11.5,CL,2022-02-10 01:40:15
208,Puerto Ayora,-0.7393,-90.3518,73.9,81,91,6.98,EC,2022-02-10 01:29:50
209,Dhidhdhoo,6.8833,73.1,80.51,74,100,7.81,MV,2022-02-10 01:43:42
210,Sur,22.5667,59.5289,66.56,65,3,2.24,OM,2022-02-10 01:43:42
211,Kulhudhuffushi,6.6221,73.07,80.19,75,100,6.82,MV,2022-02-10 01:43:43
212,Saint-Philippe,-21.3585,55.7679,74.79,79,51,2.59,RE,2022-02-10 01:40:10
213,Lumeje,-11.55,20.7833,64.83,86,100,4.99,AO,2022-02-10 01:43:43
214,Taoudenni,22.6783,-3.9836,63.12,22,1,12.01,ML,2022-02-10 01:43:44
215,Arkul,57.2808,50.044,24.94,95,100,13.69,RU,2022-02-10 01:43:44
216,Gap,44.6667,6.0,24.06,62,10,4.7,FR,2022-02-10 01:43:45
217,Abu Dhabi,24.4667,54.3667,65.97,87,0,2.3,AE,2022-02-10 01:40:00
218,La Palma,33.8464,-118.0467,84.47,18,20,9.22,US,2022-02-10 01:43:46
219,Tura,25.5198,90.2201,61.27,63,51,1.54,IN,2022-02-10 01:43:46
220,Candelaria,13.9311,121.4233,82.58,66,70,9.37,PH,2022-02-10 01:43:47
221,Glace Bay,46.1969,-59.957,31.37,85,75,8.05,CA,2022-02-10 01:43:47
222,Azangaro,-14.9167,-70.2167,43.14,90,97,2.93,PE,2022-02-10 01:43:48
223,Lensk,60.7253,114.9278,-9.08,94,100,5.01,RU,2022-02-10 01:43:48
224,Necochea,-38.5473,-58.7368,69.04,65,0,10.69,AR,2022-02-10 01:43:48
225,Bandarbeyla,9.4942,50.8122,72.54,70,100,14.36,SO,2022-02-10 01:43:49
226,Thunder Bay,48.4001,-89.3168,19.56,70,100,16.11,CA,2022-02-10 01:43:49
227,Jhang,33.6748,72.6963,46.62,60,0,4.38,PK,2022-02-10 01:43:50
228,Khatanga,71.9667,102.5,-3.98,94,78,14.14,RU,2022-02-10 01:43:51
229,Karwar,14.8,74.1333,69.26,66,34,5.32,IN,2022-02-10 01:44:51
230,San Patricio,28.017,-97.5169,61.21,54,4,8.7,US,2022-02-10 01:44:52
231,Teonthar,24.9833,81.65,54.46,91,8,4.41,IN,2022-02-10 01:44:52
232,Hare Bay,48.8499,-54.0148,34.95,93,100,13.47,CA,2022-02-10 01:44:53
233,Florence,43.7667,11.25,50.23,89,40,4.61,IT,2022-02-10 01:40:51
234,Waipawa,-41.4122,175.5153,71.46,61,100,8.01,NZ,2022-02-10 01:44:54
235,Sturgis,41.7992,-85.4192,37.44,93,100,11.5,US,2022-02-10 01:40:48
236,Quatre Cocos,-20.2078,57.7625,74.08,77,89,5.84,MU,2022-02-10 01:36:18
237,Novopetrovskoye,55.9928,36.4719,29.41,97,100,7.34,RU,2022-02-10 01:44:55
238,Gamba,-2.65,10.0,77.11,91,97,4.85,GA,2022-02-10 01:40:54
239,Qiongshan,20.0058,110.3542,66.18,100,100,11.18,CN,2022-02-10 01:44:56
240,Arona,28.0996,-16.681,69.69,42,75,8.05,ES,2022-02-10 01:44:56
241,San Isidro,-12.1167,-77.05,73.02,82,0,4.61,PE,2022-02-10 01:44:57
242,Anadyr,64.75,177.4833,-26.9,74,0,6.71,RU,2022-02-10 01:37:32
243,Sungaipenuh,-2.0833,101.3833,69.87,52,95,0.54,ID,2022-02-10 01:44:57
244,Presidencia Roque Saenz Pena,-26.7852,-60.4388,74.34,32,0,4.97,AR,2022-02-10 01:44:58
245,Dikson,73.5069,80.5464,5.31,94,100,20.87,RU,2022-02-10 01:44:59
246,Dukat,62.55,155.55,-10.01,76,58,3.27,RU,2022-02-10 01:44:59
247,Vredendal,-31.6683,18.5012,61.93,93,0,2.86,ZA,2022-02-10 01:44:59
248,Kantabanji,20.4833,82.9167,67.48,51,72,1.86,IN,2022-02-10 01:45:00
249,Lat Yao,15.751,99.7893,87.28,43,10,2.73,TH,2022-02-10 01:45:00
250,Kruisfontein,-34.0033,24.7314,61.3,76,0,5.93,ZA,2022-02-10 01:45:01
251,Virginia Beach,36.8529,-75.978,46.02,69,75,0.0,US,2022-02-10 01:43:12
252,Tahe,52.3333,124.7333,4.69,84,95,2.59,CN,2022-02-10 01:44:44
253,Bonavista,48.6499,-53.1147,36.12,94,100,19.82,CA,2022-02-10 01:45:02
254,Nanortalik,60.1432,-45.2371,20.07,69,77,7.78,GL,2022-02-10 01:45:02
255,Houma,29.5958,-90.7195,55.4,59,0,3.44,US,2022-02-10 01:41:15
256,Jingdezhen,29.2947,117.2079,44.47,81,99,3.09,CN,2022-02-10 01:45:03
257,Wattegama,6.7989,81.4808,72.52,76,96,2.84,LK,2022-02-10 01:45:04
258,Zyryanskoye,56.8306,86.6258,-16.58,98,11,6.17,RU,2022-02-10 01:45:04
259,Lapi,17.716,121.8978,76.77,84,69,1.16,PH,2022-02-10 01:45:05
260,Buraydah,26.326,43.975,57.65,32,0,11.88,SA,2022-02-10 01:45:05
261,Sitka,57.0531,-135.33,42.69,87,100,19.57,US,2022-02-10 01:40:30
262,Nyurba,63.2842,118.3319,-26.81,99,99,1.43,RU,2022-02-10 01:44:24
263,Georgetown,5.4112,100.3354,80.53,90,40,1.14,MY,2022-02-10 01:36:16
264,Lorengau,-2.0226,147.2712,85.15,71,61,7.7,PG,2022-02-10 01:45:06
265,Nakamura,32.9833,132.9333,45.05,92,100,4.36,JP,2022-02-10 01:45:07
266,Hualmay,-11.0964,-77.6139,70.03,82,48,6.71,PE,2022-02-10 01:45:07
267,Caraguatatuba,-23.6338,-45.4899,75.02,96,100,0.51,BR,2022-02-10 01:42:15
268,Mountain Home,43.133,-115.6912,43.54,100,20,3.44,US,2022-02-10 01:45:08
269,Beohari,24.05,81.3833,55.54,85,5,6.4,IN,2022-02-10 01:45:09
270,Lagoa,39.05,-27.9833,58.59,68,1,15.59,PT,2022-02-10 01:45:09
271,Shitanjing,39.2342,106.3439,21.45,51,100,4.07,CN,2022-02-10 01:45:10
272,Comodoro Rivadavia,-45.8667,-67.5,71.46,18,0,18.41,AR,2022-02-10 01:45:11
273,Kavieng,-2.5744,150.7967,84.38,71,30,5.53,PG,2022-02-10 01:45:11
274,Vista Hermosa,19.5167,-99.2167,61.99,41,75,8.05,MX,2022-02-10 01:45:12
275,Mahajanga,-15.7167,46.3167,77.02,94,40,2.3,MG,2022-02-10 01:45:12
276,Esperance,-33.8667,121.9,75.04,54,4,9.28,AU,2022-02-10 01:40:39
277,Turukhansk,65.8167,87.9833,-25.42,99,62,6.49,RU,2022-02-10 01:46:13
278,Te Anau,-45.4167,167.7167,74.39,41,0,7.92,NZ,2022-02-10 01:41:55
279,Kloulklubed,7.0419,134.2556,82.9,80,100,10.94,PW,2022-02-10 01:46:14
280,Chernyshevskiy,63.0128,112.4714,-19.08,95,98,1.39,RU,2022-02-10 01:46:14
281,Mujiayingzi,42.1167,118.7833,28.24,42,5,5.93,CN,2022-02-10 01:46:14
282,Mariental,-24.6333,17.9667,77.74,50,98,2.59,NA,2022-02-10 01:46:15
283,Rio Grande,-32.035,-52.0986,68.95,66,0,14.07,BR,2022-02-10 01:43:39
284,Zhaoyuan,37.3592,120.3964,41.29,45,0,5.68,CN,2022-02-10 01:46:16
285,Guerrero Negro,27.9769,-114.0611,63.77,55,0,9.19,MX,2022-02-10 01:41:24
286,Dongsheng,39.8161,109.9776,22.51,49,89,10.45,CN,2022-02-10 01:45:32
287,Saravan,39.7196,45.6483,27.25,78,35,7.2,AM,2022-02-10 01:46:17
288,Broome,42.2506,-75.833,43.38,63,100,6.91,US,2022-02-10 01:46:17
289,Murray,40.6669,-111.888,45.57,55,100,11.5,US,2022-02-10 01:46:18
290,Maamba,-17.3667,27.15,68.14,83,14,2.51,ZM,2022-02-10 01:46:18
291,Portland,45.5234,-122.6762,57.18,77,40,4.0,US,2022-02-10 01:45:03
292,Ahipara,-35.1667,173.1667,79.63,68,100,11.9,NZ,2022-02-10 01:46:19
293,Savinka,50.0785,47.0994,32.99,99,100,11.99,RU,2022-02-10 01:46:20
294,Rio Gallegos,-51.6226,-69.2181,53.65,30,0,14.97,AR,2022-02-10 01:36:27
295,Monrovia,6.3005,-10.7969,78.39,84,0,3.22,LR,2022-02-10 01:46:20
296,Alofi,-19.0595,-169.9187,85.89,70,30,8.05,NU,2022-02-10 01:41:23
297,Azuaga,38.2667,-5.6833,47.97,65,0,2.33,ES,2022-02-10 01:46:21
298,Sorong,-0.8833,131.25,80.56,80,99,3.36,ID,2022-02-10 01:46:22
299,Parnarama,-5.6817,-43.0933,72.5,97,28,2.28,BR,2022-02-10 01:46:22
300,Cayenne,4.9333,-52.3333,76.08,91,100,4.0,GF,2022-02-10 01:46:23
301,Thinadhoo,0.5333,72.9333,81.55,73,32,10.4,MV,2022-02-10 01:46:23
302,San Jose,37.3394,-121.895,70.54,40,40,5.75,US,2022-02-10 01:46:24
303,Gat,31.61,34.7642,48.4,100,87,20.24,IL,2022-02-10 01:46:24
304,Santiago Del Estero,-27.7951,-64.2615,78.76,33,0,7.99,AR,2022-02-10 01:46:25
305,Iberia,29.9502,-91.7507,53.67,71,0,6.91,US,2022-02-10 01:46:25
306,San Juan,-31.5375,-68.5364,86.86,24,96,16.02,AR,2022-02-10 01:44:19
307,Siwana,25.6333,72.4167,57.09,63,0,5.99,IN,2022-02-10 01:46:26
308,Belmonte,-15.8631,-38.8828,79.3,86,0,6.91,BR,2022-02-10 01:46:26
309,General Teran,25.2667,-99.6833,59.2,56,21,6.46,MX,2022-02-10 01:46:27
310,Bakaly,55.1789,53.8028,18.73,88,100,13.11,RU,2022-02-10 01:46:27
311,Trelew,-43.249,-65.3051,64.67,82,100,9.55,AR,2022-02-10 01:46:28
312,Mehamn,71.0357,27.8492,17.31,90,45,9.19,NO,2022-02-10 01:46:28
313,San Carlos,9.6612,-68.5827,77.79,67,97,3.51,VE,2022-02-10 01:46:29
314,Raudeberg,61.9875,5.1352,36.27,93,100,1.99,NO,2022-02-10 01:46:29
315,Litovko,49.2361,135.1742,3.4,91,78,3.78,RU,2022-02-10 01:46:30
316,Oksfjord,70.2396,22.3479,23.92,72,96,7.25,NO,2022-02-10 01:46:30
317,Bonfim,3.0833,-59.95,85.17,45,95,4.56,BR,2022-02-10 01:46:31
318,Zhangye,38.9342,100.4517,21.13,55,56,1.77,CN,2022-02-10 01:46:31
319,La Ronge,55.1001,-105.2842,10.65,85,100,4.61,CA,2022-02-10 01:46:32
320,San Quintin,30.4833,-115.95,61.48,49,0,3.96,MX,2022-02-10 01:44:43
321,Hami,42.8,93.45,26.29,39,100,6.93,CN,2022-02-10 01:46:33
322,Naze,28.3667,129.4833,59.92,79,97,13.96,JP,2022-02-10 01:46:33
323,Luganville,-15.5333,167.1667,85.93,66,100,5.03,VU,2022-02-10 01:47:34
324,Tarare,45.8976,4.4327,44.65,88,88,2.28,FR,2022-02-10 01:47:34
325,Chuy,-33.6971,-53.4616,65.37,77,0,8.5,UY,2022-02-10 01:47:35
326,Bilibino,68.0546,166.4372,-31.34,100,80,1.68,RU,2022-02-10 01:46:04
327,Anqiu,36.4342,119.1925,42.48,54,0,1.12,CN,2022-02-10 01:47:35
328,Boyabat,41.4689,34.7667,31.14,83,57,3.91,TR,2022-02-10 01:47:36
329,Tromso,69.6496,18.957,30.22,59,75,10.36,NO,2022-02-10 01:45:27
330,Gambo,4.6482,22.2633,68.63,34,100,4.21,CF,2022-02-10 01:47:37
331,Rawson,-43.3002,-65.1023,64.53,85,100,8.99,AR,2022-02-10 01:47:37
332,Wismar,53.9,11.4667,42.19,95,100,1.99,DE,2022-02-10 01:47:38
333,Luau,-10.7073,22.2247,62.71,95,98,1.52,AO,2022-02-10 01:47:38
334,Grand Gaube,-20.0064,57.6608,73.38,77,88,7.65,MU,2022-02-10 01:47:39
335,Ambilobe,-13.2,49.05,73.87,97,100,1.32,MG,2022-02-10 01:47:39
336,Broken Hill,-31.95,141.4333,74.91,41,9,19.57,AU,2022-02-10 01:47:39
337,Mancio Lima,-7.6142,-72.8958,70.86,99,98,2.1,BR,2022-02-10 01:47:40
338,Murdochville,48.9583,-65.5006,20.28,95,81,5.84,CA,2022-02-10 01:47:40
339,Nelson Bay,-32.7167,152.15,91.78,62,2,3.0,AU,2022-02-10 01:47:41
340,Zherdevka,51.8486,41.4606,11.91,100,96,5.39,RU,2022-02-10 01:47:42
341,Cuiluan,47.72,128.648,13.39,87,100,1.92,CN,2022-02-10 01:47:42
342,Aegviidu,59.2858,25.6142,35.17,85,46,10.49,EE,2022-02-10 01:47:43
343,Hasaki,35.7333,140.8333,41.4,81,100,15.86,JP,2022-02-10 01:47:43
344,Novospasskoye,53.1468,47.7514,25.07,96,100,10.11,RU,2022-02-10 01:47:44
345,Marfino,55.7028,37.3822,31.95,81,100,6.71,RU,2022-02-10 01:47:44
346,Hongjiang,27.11,109.9956,40.01,93,100,2.44,CN,2022-02-10 01:47:45
347,Lata,40.1629,-8.3327,47.05,69,64,3.44,PT,2022-02-10 01:47:45
348,Baker City,44.7749,-117.8344,45.64,80,0,3.44,US,2022-02-10 01:47:46
349,Tazovskiy,67.4667,78.7,-2.87,97,46,10.25,RU,2022-02-10 01:47:47
350,Esso,55.9333,158.7,13.93,88,18,1.77,RU,2022-02-10 01:47:47
351,Muisne,0.6,-80.0333,76.41,85,93,3.49,EC,2022-02-10 01:47:48
352,Rabo De Peixe,37.8,-25.5833,57.27,89,20,11.5,PT,2022-02-10 01:47:49
353,Greytown,-29.0642,30.5928,58.89,96,16,1.23,ZA,2022-02-10 01:47:49
354,Iqaluit,63.7506,-68.5145,-25.31,67,40,6.91,CA,2022-02-10 01:47:50
355,Columbus,39.9612,-82.9988,43.32,75,100,9.22,US,2022-02-10 01:47:50
356,Buala,-8.145,159.5921,83.23,80,89,10.45,SB,2022-02-10 01:47:51
357,Souillac,-20.5167,57.5167,73.36,78,61,3.8,MU,2022-02-10 01:47:52
358,Lieksa,63.3167,30.0167,29.07,98,100,7.78,FI,2022-02-10 01:47:52
359,Mumford,5.2618,-0.759,78.13,89,35,6.17,GH,2022-02-10 01:47:53
360,Makakilo City,21.3469,-158.0858,79.12,59,75,17.27,US,2022-02-10 01:46:40
361,Kalangala,-0.3089,32.225,67.35,61,52,5.44,UG,2022-02-10 01:47:54
362,Bereda,43.2686,-7.5406,47.91,97,44,2.15,ES,2022-02-10 01:47:54
363,Tripoli,32.8752,13.1875,53.58,59,0,4.83,LY,2022-02-10 01:47:55
364,Tazmalt,36.3868,4.3989,46.2,69,0,5.37,DZ,2022-02-10 01:47:55
365,Santiago,-33.4569,-70.6483,73.85,49,0,14.97,CL,2022-02-10 01:47:57
366,Manggar,-2.8833,108.2667,78.89,84,100,11.88,ID,2022-02-10 01:46:16
367,Ust-Koksa,50.2696,85.6108,-4.36,97,99,0.87,RU,2022-02-10 01:48:58
368,Grindavik,63.8424,-22.4338,23.47,68,0,5.75,IS,2022-02-10 01:48:12
369,Cidreira,-30.1811,-50.2056,72.28,70,98,14.27,BR,2022-02-10 01:46:54
370,Olafsvik,64.8945,-23.7142,26.6,58,46,9.51,IS,2022-02-10 01:45:32
371,Kupang,-10.1667,123.5833,82.33,80,93,5.57,ID,2022-02-10 01:46:27
372,Oni,42.5794,43.4425,38.17,99,100,4.21,GE,2022-02-10 01:49:00
373,Rovenki,48.0833,39.3776,28.76,94,100,8.05,UA,2022-02-10 01:49:02
374,Ranong,9.9658,98.6348,78.73,75,64,3.8,TH,2022-02-10 01:49:02
375,Bubaque,11.2833,-15.8333,77.4,71,4,4.29,GW,2022-02-10 01:49:03
376,Carutapera,-1.195,-46.02,75.54,92,100,5.37,BR,2022-02-10 01:49:04
377,Ndele,8.4109,20.6473,68.47,18,19,5.01,CF,2022-02-10 01:49:04
378,Torrington,41.8007,-73.1212,34.57,79,100,3.58,US,2022-02-10 01:46:04
379,Ixtapa,20.7,-105.2,64.4,71,1,2.17,MX,2022-02-10 01:49:05
380,Sung Noen,14.8992,101.8207,87.3,100,3,8.81,TH,2022-02-10 01:49:06
381,Kula,38.5473,28.6498,27.93,86,10,4.12,TR,2022-02-10 01:49:06
382,Kenai,60.5544,-151.2583,15.85,73,20,35.68,US,2022-02-10 01:48:49
383,Leningradskiy,69.3833,178.4167,-28.79,97,83,6.26,RU,2022-02-10 01:49:08
384,Puerto Maldonado,-12.6,-69.1833,74.57,91,98,2.3,PE,2022-02-10 01:49:08
385,Axim,4.8699,-2.2405,77.13,91,59,4.68,GH,2022-02-10 01:49:09
386,At-Bashi,41.1702,75.8106,1.87,87,99,0.94,KG,2022-02-10 01:49:09
387,Hovd,48.0056,91.6419,-7.69,93,99,2.91,MN,2022-02-10 01:49:10
388,Warrington,53.3925,-2.5802,42.91,81,100,12.66,GB,2022-02-10 01:44:31
389,Firovo,57.4814,33.7021,28.89,97,100,10.0,RU,2022-02-10 01:49:10
390,Moscow,55.7522,37.6156,32.23,84,100,7.18,RU,2022-02-10 01:48:03
391,Mossendjo,-2.9506,12.7261,69.62,99,85,3.44,CG,2022-02-10 01:49:12
392,Victoria,22.2855,114.1577,65.95,84,97,3.0,HK,2022-02-10 01:45:55
393,Klaksvik,62.2266,-6.589,32.92,61,100,20.42,FO,2022-02-10 01:49:12
394,Bud,39.447,-86.1758,40.42,82,97,11.07,US,2022-02-10 01:49:13
395,Teeli,51.0333,90.2333,-8.52,94,100,2.13,RU,2022-02-10 01:49:14
396,Yellowknife,62.456,-114.3525,-6.59,87,100,17.27,CA,2022-02-10 01:45:34
397,Nigde,37.8333,34.75,24.4,97,100,4.5,TR,2022-02-10 01:49:15
398,Dingle,10.9995,122.6711,82.83,65,12,16.35,PH,2022-02-10 01:49:15
399,Hesla,24.0667,85.8833,65.17,67,89,2.68,IN,2022-02-10 01:49:16
400,Castrovillari,39.8203,16.2123,37.29,57,0,5.35,IT,2022-02-10 01:49:16
401,Maridi,4.9158,29.4742,70.74,32,49,2.13,SS,2022-02-10 01:49:17
402,Farah,32.5,62.5,42.93,37,0,2.24,AF,2022-02-10 01:49:17
403,Carroll,39.5501,-77.0164,45.93,58,0,8.05,US,2022-02-10 01:49:18
404,Flin Flon,54.7682,-101.865,5.43,96,100,4.14,CA,2022-02-10 01:46:30
405,Flinders,-34.5833,150.8552,90.81,56,35,4.0,AU,2022-02-10 01:49:19
406,High Prairie,55.4334,-116.4858,47.5,76,100,20.56,CA,2022-02-10 01:49:20
407,Ende,-8.8432,121.6623,83.91,76,100,2.28,ID,2022-02-10 01:49:20
408,Maniitsoq,65.4167,-52.9,15.91,94,100,9.06,GL,2022-02-10 01:49:21
409,Innisfail,-17.5333,146.0333,83.77,61,34,6.6,AU,2022-02-10 01:45:34
410,Bolgatanga,10.7856,-0.8514,75.43,14,0,6.82,GH,2022-02-10 01:49:22
411,Talnakh,69.4865,88.3972,-5.8,98,100,10.58,RU,2022-02-10 01:50:22
412,Hamilton,39.1834,-84.5333,45.45,61,100,13.8,US,2022-02-10 01:50:23
413,Paralimni,35.0375,33.9833,51.42,61,37,18.77,CY,2022-02-10 01:50:24
414,Chase,50.8165,-119.6857,39.2,100,99,1.66,CA,2022-02-10 01:50:25
415,Deputatskiy,69.3,139.9,-24.92,85,81,6.42,RU,2022-02-10 01:50:25
416,Jiuquan,39.7432,98.5174,24.58,43,73,1.61,CN,2022-02-10 01:50:26
417,Beloha,-25.1667,45.05,70.54,91,5,4.23,MG,2022-02-10 01:50:27
418,Ola,59.5833,151.2833,5.05,70,95,4.0,RU,2022-02-10 01:50:27
419,Kosa,59.9445,54.9977,23.79,94,100,12.77,RU,2022-02-10 01:50:28
420,Longkou,37.6508,120.3286,38.08,64,0,9.46,CN,2022-02-10 01:50:28
421,Karagay,58.2667,54.9368,22.6,91,100,14.05,RU,2022-02-10 01:50:29
422,Narsaq,60.9167,-46.05,7.54,70,98,9.66,GL,2022-02-10 01:50:29
423,Segezha,63.7415,34.3222,25.48,94,100,9.01,RU,2022-02-10 01:50:30
424,Fairbanks,64.8378,-147.7164,-1.91,77,100,4.61,US,2022-02-10 01:46:42
425,Victor Harbor,-35.5667,138.6167,75.9,51,34,3.0,AU,2022-02-10 01:50:31
426,Faanui,-16.4833,-151.75,81.27,75,89,12.59,PF,2022-02-10 01:46:43
427,Nangal,31.3667,76.3833,48.34,72,0,2.64,IN,2022-02-10 01:50:32
428,Grand-Santi,4.25,-54.3833,73.17,96,99,2.86,GF,2022-02-10 01:50:32
429,Half Moon Bay,37.4636,-122.4286,70.59,49,0,10.36,US,2022-02-10 01:45:35
430,Koslan,63.4564,48.8989,18.7,93,100,10.07,RU,2022-02-10 01:50:33
431,Elliot Lake,46.3834,-82.6331,33.89,97,100,8.86,CA,2022-02-10 01:50:34
432,General Pico,-35.6566,-63.7568,69.8,56,4,10.11,AR,2022-02-10 01:50:34
433,Kotovo,50.3211,44.8012,29.46,96,90,12.41,RU,2022-02-10 01:50:35
434,Atuntaqui,0.3333,-78.2167,57.02,94,87,2.01,EC,2022-02-10 01:50:35
435,San Policarpo,12.1791,125.5072,81.27,73,100,15.86,PH,2022-02-10 01:50:36
436,Chapais,49.7834,-74.8492,24.58,96,100,10.56,CA,2022-02-10 01:50:36
437,Yatou,37.15,122.3833,41.79,46,3,3.44,CN,2022-02-10 01:50:37
438,Littleton,39.6133,-105.0166,45.54,44,75,9.22,US,2022-02-10 01:50:37
439,Druzhba,52.0428,33.9453,29.66,92,99,10.65,UA,2022-02-10 01:50:38
440,Vardo,70.3705,31.1107,29.21,77,100,19.55,NO,2022-02-10 01:47:40
441,Saint-Francois,46.4154,3.9054,34.41,91,0,3.44,FR,2022-02-10 01:50:39
442,Nagapattinam,10.7667,79.8333,73.49,76,53,8.21,IN,2022-02-10 01:49:41
443,Wukari,7.85,9.7833,72.43,16,79,5.35,NG,2022-02-10 01:50:40
444,Homer,59.6425,-151.5483,14.07,84,100,29.93,US,2022-02-10 01:50:40
445,Kemin,42.7846,75.6892,14.92,67,6,5.93,KG,2022-02-10 01:50:41
446,Yarada,17.65,83.2667,64.72,100,20,2.3,IN,2022-02-10 01:50:41
447,Olinda,-8.0089,-34.8553,82.13,69,40,6.91,BR,2022-02-10 01:49:42
448,Tacoronte,28.4769,-16.4102,70.12,44,75,6.91,ES,2022-02-10 01:50:42
449,Amga,60.8953,131.9608,-11.2,92,100,3.38,RU,2022-02-10 01:50:43
450,Beringovskiy,63.05,179.3167,-16.42,86,2,10.0,RU,2022-02-10 01:50:43
451,Zaraza,9.3503,-65.3245,75.31,76,98,9.82,VE,2022-02-10 01:50:44
452,Golden,39.7555,-105.2211,44.29,51,75,0.0,US,2022-02-10 01:50:01
453,Boditi,6.9667,37.8667,63.59,36,100,4.76,ET,2022-02-10 01:50:45
454,Uarini,-2.99,-65.1083,73.24,98,97,2.17,BR,2022-02-10 01:50:45
455,Bukachacha,52.9833,116.9167,5.29,88,100,1.43,RU,2022-02-10 01:50:46
456,Muskegon,43.3,-86.1334,37.42,88,100,16.11,US,2022-02-10 01:50:47
457,Curitibanos,-27.2828,-50.5844,60.37,91,42,7.56,BR,2022-02-10 01:50:47
458,Aswan,24.0934,32.907,54.03,43,0,15.37,EG,2022-02-10 01:51:48
459,Atar,20.5169,-13.0499,67.62,12,7,10.29,MR,2022-02-10 01:51:48
460,Caravelas,-17.7125,-39.2481,76.5,89,80,5.46,BR,2022-02-10 01:51:49
461,Namibe,-15.1961,12.1522,72.1,84,99,7.52,AO,2022-02-10 01:50:40
462,Ust-Kuyga,70.0167,135.6,-34.47,97,72,8.93,RU,2022-02-10 01:51:50
463,Kendari,-3.945,122.4989,76.75,91,100,1.74,ID,2022-02-10 01:51:50
464,Ankang,32.68,109.0172,47.66,54,7,2.46,CN,2022-02-10 01:51:51
465,Wake Forest,35.9799,-78.5097,45.25,63,0,5.75,US,2022-02-10 01:51:52
466,Tuatapere,-46.1333,167.6833,74.64,50,20,3.06,NZ,2022-02-10 01:47:47
467,Morondava,-20.2833,44.2833,76.6,83,59,6.62,MG,2022-02-10 01:51:52
468,Belyy Yar,53.6039,91.3903,-20.31,78,100,2.24,RU,2022-02-10 01:51:53
469,Pachmarhi,22.4667,78.4333,49.68,75,7,3.24,IN,2022-02-10 01:51:54
470,Avera,33.194,-82.5271,50.72,55,0,6.71,US,2022-02-10 01:49:36
471,Kasongo-Lunda,-6.4667,16.8167,68.9,92,73,0.74,CD,2022-02-10 01:51:55
472,Wajima,37.4,136.9,39.88,81,75,8.05,JP,2022-02-10 01:51:55
473,Saint-Louis,16.3333,-15.0,72.97,9,4,11.01,SN,2022-02-10 01:51:56
474,Chunoyar,57.4467,97.3217,-22.22,100,33,1.97,RU,2022-02-10 01:51:56
475,Lagos,6.5833,3.75,82.72,95,1,1.54,NG,2022-02-10 01:50:19
476,Burnie,-41.0667,145.9167,71.94,41,1,9.98,AU,2022-02-10 01:51:58
477,Newtownards,54.5924,-5.6909,37.35,81,77,11.5,GB,2022-02-10 01:51:58
478,Teknaf,20.8624,92.3058,67.03,41,0,5.08,BD,2022-02-10 01:51:59
479,Moindou,-21.6924,165.677,85.95,90,100,21.27,NC,2022-02-10 01:51:59
480,Piquete,-22.6136,-45.1761,69.08,97,97,1.48,BR,2022-02-10 01:52:00
481,Maceio,-9.6658,-35.7353,78.24,83,20,4.61,BR,2022-02-10 01:48:44
482,Manoel Urbano,-8.8389,-69.2597,72.12,99,100,2.55,BR,2022-02-10 01:52:01
483,Camargo,27.6667,-105.1667,55.62,20,94,5.73,MX,2022-02-10 01:52:02
484,Petropavlovsk-Kamchatskiy,53.0452,158.6483,23.59,74,75,2.24,RU,2022-02-10 01:52:02
485,Lloydminster,53.2835,-110.0016,37.08,80,100,18.41,CA,2022-02-10 01:52:03
486,Luchow,52.9667,11.15,49.91,94,100,5.7,DE,2022-02-10 01:52:03
487,Balakhta,55.38,91.6,-29.79,100,11,1.14,RU,2022-02-10 01:52:04
488,Baykit,61.67,96.37,-13.52,97,95,1.83,RU,2022-02-10 01:52:04
489,Nueve De Julio,-35.4444,-60.8831,65.7,52,0,8.75,AR,2022-02-10 01:52:05
490,Kirakira,-10.4544,161.9205,83.17,79,100,11.25,SB,2022-02-10 01:50:37
491,Dudinka,69.4058,86.1778,-5.39,98,100,16.06,RU,2022-02-10 01:52:06
492,Camana,-16.6228,-72.7111,70.29,77,9,5.48,PE,2022-02-10 01:52:06
493,Sinnamary,5.3833,-52.95,76.12,87,37,8.14,GF,2022-02-10 01:52:07
494,Baudh,20.8416,84.3213,65.93,74,6,1.7,IN,2022-02-10 01:52:08
495,Keuruu,62.2667,24.7,26.8,94,25,7.23,FI,2022-02-10 01:52:08
496,Salinas,36.6777,-121.6555,73.76,55,0,0.0,US,2022-02-10 01:50:46
497,Ballina,-28.8667,153.5667,82.78,60,0,10.36,AU,2022-02-10 01:52:09
498,Atbasar,51.8,68.3333,-8.63,100,93,6.62,KZ,2022-02-10 01:52:10
499,Yongan,39.6957,113.6871,26.82,43,0,5.99,CN,2022-02-10 01:52:10
500,Yashkul,46.1711,45.3435,35.87,80,100,14.16,RU,2022-02-10 01:52:11
501,Tuy Hoa,13.0833,109.3,77.68,84,73,8.16,VN,2022-02-10 01:50:42
502,Kargil,34.5667,76.1,-17.09,96,90,2.93,IN,2022-02-10 01:52:12
503,Port Augusta,-32.5,137.7667,80.71,42,32,18.61,AU,2022-02-10 01:52:12
504,Tupi Paulista,-21.3811,-51.5706,71.69,78,83,6.67,BR,2022-02-10 01:52:13
505,Sam Roi Yot,12.2708,99.872,85.96,65,75,1.32,TH,2022-02-10 01:53:13
506,Notodden,59.5594,9.2585,36.97,84,32,6.42,NO,2022-02-10 01:53:14
507,Prince Rupert,54.3161,-130.3201,46.49,93,100,13.8,CA,2022-02-10 01:53:14
508,Sobolevo,54.4299,31.8996,33.03,97,100,15.08,RU,2022-02-10 01:51:51
509,Lichfield,52.6815,-1.8255,42.91,85,100,3.0,GB,2022-02-10 01:53:15
510,Aykhal,66.0,111.5,-6.59,78,100,2.86,RU,2022-02-10 01:53:16
511,Lamar,33.6668,-95.5836,55.53,26,0,3.44,US,2022-02-10 01:53:17
512,Peace River,56.2501,-117.286,48.51,66,100,24.16,CA,2022-02-10 01:49:42
513,Anloga,5.7947,0.8973,82.62,83,1,9.93,GH,2022-02-10 01:53:17
514,Arman,59.7,150.1667,6.57,68,95,3.69,RU,2022-02-10 01:53:18
515,Ewa Beach,21.3156,-158.0072,78.75,62,100,17.0,US,2022-02-10 01:53:19
516,Fukue,32.6881,128.8419,48.56,71,75,8.05,JP,2022-02-10 01:53:19
517,Orlik,52.5178,99.825,-26.82,98,96,1.79,RU,2022-02-10 01:53:20
518,Saint Anthony,45.0205,-93.218,28.35,74,100,16.11,US,2022-02-10 01:53:20
519,Jaumave,23.4167,-99.3833,54.95,77,3,0.98,MX,2022-02-10 01:53:21
520,Paramirim,-13.4425,-42.2389,72.25,67,35,1.81,BR,2022-02-10 01:53:21
521,Cabedelo,-6.9811,-34.8339,79.47,71,100,10.69,BR,2022-02-10 01:53:22
522,North Bend,43.4065,-124.2243,59.92,86,0,14.97,US,2022-02-10 01:53:23
523,Terme,41.2092,36.9739,41.81,78,100,6.31,TR,2022-02-10 01:53:23
524,Taksimo,56.3444,114.8794,-9.4,90,67,1.21,RU,2022-02-10 01:53:24
525,Brae,60.3964,-1.353,35.51,78,96,19.86,GB,2022-02-10 01:51:39
526,The Valley,18.217,-63.0578,77.09,63,0,20.18,AI,2022-02-10 01:53:05
527,Wanning,18.8003,110.3967,74.73,83,79,5.93,CN,2022-02-10 01:53:25
528,Acapulco,16.8634,-99.8901,75.36,72,1,5.77,MX,2022-02-10 01:53:26
529,Dom Pedrito,-30.9828,-54.6731,66.54,59,0,11.7,BR,2022-02-10 01:53:26
530,Alihe,50.5667,123.7167,6.44,82,99,1.68,CN,2022-02-10 01:53:27
531,Cubuk,40.2386,33.0322,29.66,69,40,11.5,TR,2022-02-10 01:53:28
532,Pilot Butte,50.4668,-104.4178,32.67,93,100,9.22,CA,2022-02-10 01:53:28
533,San Cristobal,7.7669,-72.225,73.58,92,95,1.66,VE,2022-02-10 01:53:29
534,Marand,38.4329,45.7749,32.34,90,40,4.29,IR,2022-02-10 01:53:29
535,Tsabong,-26.0217,22.401,77.34,45,10,3.69,BW,2022-02-10 01:53:30
536,Watsa,3.0372,29.5355,65.75,46,96,1.41,CD,2022-02-10 01:53:31
537,San Vicente,-26.6167,-54.1333,64.31,47,0,1.88,AR,2022-02-10 01:53:32
538,Marzuq,14.4,46.4667,56.97,36,6,2.13,YE,2022-02-10 01:53:32
539,Petlawad,23.0,74.8,57.34,75,5,9.89,IN,2022-02-10 01:53:33
540,Ivanava,52.1451,25.5365,41.45,87,99,16.84,BY,2022-02-10 01:53:34
541,Srednekolymsk,67.45,153.6833,-32.98,96,61,6.67,RU,2022-02-10 01:53:34
542,Ahualulco,22.4,-101.1667,56.43,42,5,6.26,MX,2022-02-10 01:53:35
543,Pitimbu,-7.4706,-34.8086,79.39,71,100,11.77,BR,2022-02-10 01:53:35
544,Alice Springs,-23.7,133.8833,85.55,32,2,10.36,AU,2022-02-10 01:53:07
545,Actopan,20.2667,-98.9333,51.26,81,22,5.23,MX,2022-02-10 01:53:03
546,Gilgit,35.9221,74.3087,22.64,77,87,2.71,PK,2022-02-10 01:53:37
547,Saint-Pierre,-21.3393,55.4781,73.08,68,40,6.91,RE,2022-02-10 01:53:38
548,Bani,18.2833,-70.3333,74.64,78,9,8.46,DO,2022-02-10 01:53:38
549,Simpsonville,34.7371,-82.2543,51.98,53,0,9.22,US,2022-02-10 01:51:19
550,Warwick,41.7001,-71.4162,37.2,85,20,9.22,US,2022-02-10 01:48:41
551,Llanes,43.4198,-4.7549,51.89,67,0,4.45,ES,2022-02-10 01:54:40
552,Palmer,42.1584,-72.3287,35.15,73,40,6.91,US,2022-02-10 01:54:40
553,Nhulunbuy,-12.2333,136.7667,88.41,70,75,14.97,AU,2022-02-10 01:54:41
554,Malkangiri,18.35,81.9,66.09,71,50,1.32,IN,2022-02-10 01:54:41
555,Coquimbo,-29.9533,-71.3436,64.13,88,100,8.05,CL,2022-02-10 01:50:42
556,Luang Prabang,19.8856,102.1347,60.76,88,0,0.0,LA,2022-02-10 01:54:42
557,Dalvik,65.9702,-18.5286,6.73,71,97,6.93,IS,2022-02-10 01:54:43
558,Sao Felix Do Xingu,-6.6447,-51.995,71.98,98,100,1.34,BR,2022-02-10 01:54:44
559,Merauke,-8.4667,140.3333,85.3,69,77,6.55,ID,2022-02-10 01:49:54
560,Venado Tuerto,-33.7456,-61.9688,69.76,37,0,9.51,AR,2022-02-10 01:54:45
561,Fort Nelson,58.8053,-122.7002,9.99,85,75,5.75,CA,2022-02-10 01:54:40
562,Abong Mbang,3.9833,13.1833,64.8,30,100,3.87,CM,2022-02-10 01:54:46
563,Millau,44.0833,2.9167,40.39,93,5,2.93,FR,2022-02-10 01:54:47
564,Port Lincoln,-34.7333,135.8667,70.16,51,37,9.64,AU,2022-02-10 01:53:31
565,Dunedin,-45.8742,170.5036,67.82,80,57,5.06,NZ,2022-02-10 01:53:40
566,Shangzhi,45.2167,127.9667,16.74,90,91,0.74,CN,2022-02-10 01:54:48
567,Sinop,41.7711,34.8709,29.34,94,90,4.79,TR,2022-02-10 01:54:49
568,Ngunguru,-35.6167,174.5,77.16,84,93,11.07,NZ,2022-02-10 01:54:50
569,Samana,19.2056,-69.3369,73.26,80,0,8.32,DO,2022-02-10 01:54:50
570,Miandrivazo,-19.5167,45.4667,76.37,89,100,1.12,MG,2022-02-10 01:54:51
571,Bien Hoa,10.95,106.8167,84.18,54,66,6.33,VN,2022-02-10 01:54:52
572,Cherkasskoye,52.4333,47.2167,25.84,97,100,8.84,RU,2022-02-10 01:54:52
573,Corinth,37.9407,22.9573,49.89,70,6,3.0,GR,2022-02-10 01:54:53
574,Kunming,25.0389,102.7183,44.53,61,0,8.95,CN,2022-02-10 01:54:53
575,Kitami,43.8031,143.8908,22.28,73,19,0.69,JP,2022-02-10 01:54:54
576,Pareora,-44.4871,171.2132,73.18,86,28,6.96,NZ,2022-02-10 01:54:55
577,Novyy Urgal,51.0736,132.5642,4.15,89,100,0.98,RU,2022-02-10 01:54:55
578,Bodden Town,19.2833,-81.25,78.01,83,20,2.3,KY,2022-02-10 01:54:56
579,Hoa Binh,20.8133,105.3383,53.49,94,100,1.92,VN,2022-02-10 01:53:45
580,San Rafael,-34.6177,-68.3301,81.46,23,31,15.55,AR,2022-02-10 01:54:57
581,Qandala,11.472,49.8728,71.17,53,17,5.03,SO,2022-02-10 01:54:58
582,Herouville-Saint-Clair,49.2109,-0.3065,45.59,93,100,8.05,FR,2022-02-10 01:54:58
583,Moerai,-22.4333,-151.3333,79.86,78,100,11.54,PF,2022-02-10 01:54:59
584,Arkadelphia,34.1209,-93.0538,54.57,53,0,0.0,US,2022-02-10 01:52:33
