City_ID,City,Lat,Lng,Max Temp,Humidity,Cloudiness,Wind Speed,Country,Date,Current Description
0,Busselton,-33.65,115.3333,70.09,68,13,8.86,AU,2022-02-12 01:16:52,few clouds
1,Butaritari,3.0707,172.7902,81.88,78,73,15.43,KI,2022-02-12 01:17:38,light rain
2,Cidreira,-30.1811,-50.2056,74.46,83,0,20.31,BR,2022-02-12 01:20:57,clear sky
3,Souillac,-20.5167,57.5167,75.58,94,40,3.44,MU,2022-02-12 01:20:57,scattered clouds
4,Chumikan,54.7183,135.315,8.98,92,100,4.41,RU,2022-02-12 01:20:57,light snow
5,Punta Arenas,-53.15,-70.9167,57.31,72,75,28.77,CL,2022-02-12 01:20:58,broken clouds
6,Eureka,40.8021,-124.1637,65.68,72,100,1.01,US,2022-02-12 01:20:58,overcast clouds
7,Lata,40.1629,-8.3327,49.71,94,100,1.34,PT,2022-02-12 01:20:59,overcast clouds
8,Ushuaia,-54.8,-68.3,49.66,100,100,6.91,AR,2022-02-12 01:20:59,heavy intensity rain
9,San Joaquin,37.9333,-121.3011,73.63,44,0,0.0,US,2022-02-12 01:20:59,clear sky
10,Tagum,7.4478,125.8078,82.31,78,95,4.09,PH,2022-02-12 01:21:00,overcast clouds
11,Ponta Do Sol,32.6667,-17.1,64.71,73,12,6.89,PT,2022-02-12 01:21:00,few clouds
12,Yellowknife,62.456,-114.3525,-12.48,84,100,2.3,CA,2022-02-12 01:21:01,light snow
13,Ribeira Grande,38.5167,-28.7,60.15,75,100,11.81,PT,2022-02-12 01:17:43,overcast clouds
14,Chokurdakh,70.6333,147.9167,-4.09,96,100,13.33,RU,2022-02-12 01:18:09,overcast clouds
15,Albany,42.6001,-73.9662,51.57,54,100,3.0,US,2022-02-12 01:18:26,overcast clouds
16,Rikitea,-23.1203,-134.9692,79.18,74,0,16.87,PF,2022-02-12 01:21:02,light rain
17,New Norfolk,-42.7826,147.0587,68.88,37,9,1.99,AU,2022-02-12 01:21:02,clear sky
18,Puerto Ayora,-0.7393,-90.3518,72.55,100,60,7.49,EC,2022-02-12 01:21:02,broken clouds
19,Sisimiut,66.9395,-53.6735,20.34,95,100,5.48,GL,2022-02-12 01:21:03,snow
20,College,64.8569,-147.8028,9.81,74,75,3.44,US,2022-02-12 01:21:03,broken clouds
21,Torbay,47.6666,-52.7314,35.58,86,0,11.5,CA,2022-02-12 01:21:04,clear sky
22,Moche,-8.1711,-79.0092,69.98,83,100,8.05,PE,2022-02-12 01:21:04,mist
23,Antigonish,45.6169,-61.9986,36.82,83,98,6.17,CA,2022-02-12 01:18:11,overcast clouds
24,Hermanus,-34.4187,19.2345,64.9,90,0,8.19,ZA,2022-02-12 01:21:05,clear sky
25,Duverge,18.3784,-71.5247,72.64,69,0,1.52,DO,2022-02-12 01:21:05,clear sky
26,Sitka,57.0531,-135.33,44.49,81,100,8.05,US,2022-02-12 01:21:05,moderate rain
27,Bredasdorp,-34.5322,20.0403,63.72,82,8,3.44,ZA,2022-02-12 01:21:06,clear sky
28,Bereznik,62.8551,42.7072,22.03,94,100,6.46,RU,2022-02-12 01:21:06,overcast clouds
29,Mataura,-46.1927,168.8643,59.49,50,99,9.28,NZ,2022-02-12 01:21:07,overcast clouds
30,Lavrentiya,65.5833,-171.0,-21.39,91,11,7.78,RU,2022-02-12 01:21:07,few clouds
31,Marawi,7.9986,124.2928,77.25,72,16,1.77,PH,2022-02-12 01:21:08,few clouds
32,Buala,-8.145,159.5921,77.0,90,100,4.25,SB,2022-02-12 01:21:08,light rain
33,Luderitz,-26.6481,15.1594,75.49,65,86,9.78,NA,2022-02-12 01:18:37,overcast clouds
34,Port Alfred,-33.5906,26.891,70.93,88,0,5.91,ZA,2022-02-12 01:21:08,clear sky
35,Coihaique,-45.5752,-72.0662,57.15,58,0,8.05,CL,2022-02-12 01:21:09,clear sky
36,Jamestown,42.097,-79.2353,44.1,63,100,13.0,US,2022-02-12 01:18:52,light rain
37,Georgetown,5.4112,100.3354,78.89,87,20,3.44,MY,2022-02-12 01:17:54,few clouds
38,Kabare,-2.4683,28.8242,60.75,92,100,1.21,CD,2022-02-12 01:21:10,overcast clouds
39,Mahebourg,-20.4081,57.7,75.49,94,40,3.44,MU,2022-02-12 01:16:43,scattered clouds
40,Bluff,-46.6,168.3333,59.81,63,42,18.86,NZ,2022-02-12 01:21:10,scattered clouds
41,Castro,-24.7911,-50.0119,62.13,90,19,7.07,BR,2022-02-12 01:17:56,few clouds
42,Namibe,-15.1961,12.1522,75.92,82,100,4.45,AO,2022-02-12 01:21:11,overcast clouds
43,Hasaki,35.7333,140.8333,45.28,51,99,12.8,JP,2022-02-12 01:21:11,overcast clouds
44,Arman,59.7,150.1667,3.18,74,92,5.14,RU,2022-02-12 01:19:30,overcast clouds
45,Thompson,55.7435,-97.8558,-20.04,69,20,5.75,CA,2022-02-12 01:22:12,few clouds
46,Severo-Kurilsk,50.6789,156.125,27.27,78,95,9.57,RU,2022-02-12 01:19:16,light snow
47,Salalah,17.0151,54.0924,71.69,68,20,3.44,OM,2022-02-12 01:22:12,few clouds
48,Saint-Ambroise,48.5501,-71.3324,28.94,93,100,7.74,CA,2022-02-12 01:22:13,light snow
49,Gabriel Leyva Solano,25.6667,-108.6417,69.62,41,0,9.13,MX,2022-02-12 01:22:13,clear sky
50,Hobart,-42.8794,147.3294,68.22,48,20,10.36,AU,2022-02-12 01:17:51,few clouds
51,Bathsheba,13.2167,-59.5167,77.61,57,20,20.71,BB,2022-02-12 01:22:14,few clouds
52,Mitu,1.1983,-70.1733,73.71,94,97,2.89,CO,2022-02-12 01:20:01,overcast clouds
53,Crixas,-14.5489,-49.9692,70.18,93,68,2.48,BR,2022-02-12 01:22:14,broken clouds
54,Akyab,20.15,92.9,65.01,67,5,10.47,MM,2022-02-12 01:22:15,clear sky
55,Nouadhibou,20.931,-17.0347,69.78,56,68,9.22,MR,2022-02-12 01:19:55,broken clouds
56,Mount Gambier,-37.8333,140.7667,73.8,38,2,6.22,AU,2022-02-12 01:21:44,clear sky
57,Itarema,-2.9248,-39.9167,78.24,80,43,9.93,BR,2022-02-12 01:17:24,scattered clouds
58,Hongjiang,27.11,109.9956,40.93,96,100,2.48,CN,2022-02-12 01:22:16,overcast clouds
59,Kodiak,57.79,-152.4072,38.71,93,100,0.0,US,2022-02-12 01:22:16,mist
60,Lensk,60.7253,114.9278,-12.69,99,88,3.56,RU,2022-02-12 01:22:16,overcast clouds
61,Saint-Philippe,-21.3585,55.7679,76.59,71,22,5.59,RE,2022-02-12 01:22:17,few clouds
62,Kanungu,-0.9575,29.7897,62.74,66,100,2.8,UG,2022-02-12 01:22:17,overcast clouds
63,Tuktoyaktuk,69.4541,-133.0374,-22.0,69,75,8.05,CA,2022-02-12 01:22:18,broken clouds
64,Fortuna,40.5982,-124.1573,65.43,73,0,1.99,US,2022-02-12 01:22:18,clear sky
65,Iqaluit,63.7506,-68.5145,-4.27,70,20,3.44,CA,2022-02-12 01:22:19,few clouds
66,Dikson,73.5069,80.5464,2.97,81,100,29.08,RU,2022-02-12 01:22:19,overcast clouds
67,Bay Roberts,47.5999,-53.2648,36.34,86,29,4.0,CA,2022-02-12 01:22:20,scattered clouds
68,Muros,42.7762,-9.0603,51.24,95,3,4.38,ES,2022-02-12 01:22:20,clear sky
69,Hualmay,-11.0964,-77.6139,71.1,81,90,8.9,PE,2022-02-12 01:22:20,overcast clouds
70,Qarayeri,40.7886,46.3066,38.28,81,100,9.22,AZ,2022-02-12 01:22:21,mist
71,Araouane,18.9048,-3.5265,60.67,19,44,11.16,ML,2022-02-12 01:22:21,scattered clouds
72,Avarua,-21.2078,-159.775,82.45,74,54,10.36,CK,2022-02-12 01:22:21,broken clouds
73,Chernyshevskiy,63.0128,112.4714,-15.32,100,95,1.16,RU,2022-02-12 01:22:22,overcast clouds
74,Havre-Saint-Pierre,50.2334,-63.5986,21.2,85,100,3.44,CA,2022-02-12 01:22:22,overcast clouds
75,Gorontalo,0.5412,123.0595,81.45,82,100,1.12,ID,2022-02-12 01:22:22,overcast clouds
76,Hirata,35.4333,132.8167,42.82,75,40,1.14,JP,2022-02-12 01:22:23,scattered clouds
77,Port Hedland,-20.3167,118.5667,91.45,62,2,8.05,AU,2022-02-12 01:19:19,clear sky
78,Rio Gallegos,-51.6226,-69.2181,57.25,77,75,10.36,AR,2022-02-12 01:22:23,broken clouds
79,Changping,40.2186,116.2197,29.84,50,100,2.13,CN,2022-02-12 01:22:24,overcast clouds
80,Samarai,-10.6167,150.6667,83.3,58,68,11.81,PG,2022-02-12 01:22:24,broken clouds
81,Hithadhoo,-0.6,73.0833,81.14,69,100,8.97,MV,2022-02-12 01:21:15,overcast clouds
82,Flinders,-34.5833,150.8552,71.26,90,61,5.99,AU,2022-02-12 01:22:25,light rain
83,Laguna,38.421,-121.4238,73.69,52,0,5.75,US,2022-02-12 01:22:25,clear sky
84,Sarkand,45.41,79.9186,26.73,79,100,4.18,KZ,2022-02-12 01:22:25,overcast clouds
85,Tromso,69.6496,18.957,24.82,80,75,5.75,NO,2022-02-12 01:22:26,broken clouds
86,Geraldton,-28.7667,114.6,82.81,51,8,5.75,AU,2022-02-12 01:22:26,clear sky
87,Alugan,12.2188,125.4808,76.96,94,100,12.62,PH,2022-02-12 01:22:27,moderate rain
88,Lagoa,39.05,-27.9833,59.45,76,100,14.65,PT,2022-02-12 01:22:27,overcast clouds
89,Bethel,41.3712,-73.414,47.48,62,0,6.91,US,2022-02-12 01:22:27,clear sky
90,Limbang,4.75,115.0,80.91,88,100,4.18,MY,2022-02-12 01:22:28,overcast clouds
91,Vanimo,-2.6741,141.3028,79.79,86,100,2.71,PG,2022-02-12 01:23:28,light rain
92,Avera,33.194,-82.5271,58.71,60,0,7.14,US,2022-02-12 01:23:28,clear sky
93,Kruisfontein,-34.0033,24.7314,61.21,85,0,3.18,ZA,2022-02-12 01:23:29,clear sky
94,Tessalit,20.1986,1.0114,63.93,16,57,3.74,ML,2022-02-12 01:23:29,broken clouds
95,Wewak,-3.5534,143.6268,79.07,85,100,2.33,PG,2022-02-12 01:23:30,moderate rain
96,Mount Isa,-20.7333,139.5,96.57,26,0,8.05,AU,2022-02-12 01:23:30,clear sky
97,Necochea,-38.5473,-58.7368,58.03,57,100,15.95,AR,2022-02-12 01:19:10,light rain
98,Kimbe,-5.5502,150.1429,82.56,76,100,5.12,PG,2022-02-12 01:23:30,light rain
99,Barhi,23.9,80.8,51.17,42,10,3.0,IN,2022-02-12 01:23:31,clear sky
100,East London,-33.0153,27.9116,72.0,85,0,3.83,ZA,2022-02-12 01:23:31,clear sky
101,Cape Town,-33.9258,18.4232,67.87,80,0,10.36,ZA,2022-02-12 01:22:25,clear sky
102,Kattivakkam,13.2167,80.3167,79.07,80,15,7.83,IN,2022-02-12 01:23:32,few clouds
103,Qaanaaq,77.484,-69.3632,-22.88,54,0,7.99,GL,2022-02-12 01:23:32,clear sky
104,Manyana,-23.4,21.7167,69.33,66,5,5.75,BW,2022-02-12 01:23:32,clear sky
105,Nikolskoye,59.7035,30.7861,26.49,91,24,8.84,RU,2022-02-12 01:23:33,few clouds
106,Maragheh,37.3917,46.2398,27.82,83,94,6.22,IR,2022-02-12 01:23:33,overcast clouds
107,Kapaa,22.0752,-159.319,81.12,71,0,5.99,US,2022-02-12 01:23:34,clear sky
108,Beloha,-25.1667,45.05,73.6,91,41,11.95,MG,2022-02-12 01:23:34,scattered clouds
109,Airai,-8.9266,125.4092,68.9,80,81,2.06,TL,2022-02-12 01:23:34,broken clouds
110,Iquitos,-3.7481,-73.2472,75.24,100,75,4.61,PE,2022-02-12 01:23:35,broken clouds
111,Noumea,-22.2763,166.4572,89.58,99,99,7.27,NC,2022-02-12 01:23:36,overcast clouds
112,La Rioja,42.25,-2.5,34.05,90,18,3.89,ES,2022-02-12 01:23:36,few clouds
113,Claudio,-20.4433,-44.7658,63.84,96,100,1.68,BR,2022-02-12 01:23:36,light rain
114,Fayaoue,-20.65,166.5333,82.6,79,100,14.67,NC,2022-02-12 01:23:37,overcast clouds
115,Prince Rupert,54.3161,-130.3201,39.29,70,0,3.44,CA,2022-02-12 01:23:37,clear sky
116,Roma,43.2128,-75.4557,51.66,49,100,11.5,US,2022-02-12 01:23:37,overcast clouds
117,Batagay-Alyta,67.8006,130.4114,-21.73,88,63,5.17,RU,2022-02-12 01:23:38,broken clouds
118,Kahului,20.8947,-156.47,82.42,64,40,16.11,US,2022-02-12 01:23:38,scattered clouds
119,Vila Franca Do Campo,37.7167,-25.4333,61.2,76,72,2.24,PT,2022-02-12 01:23:39,broken clouds
120,Loandjili,-4.7561,11.8578,78.91,94,75,2.3,CG,2022-02-12 01:23:39,broken clouds
121,Udachnyy,66.4167,112.4,-16.33,100,99,3.27,RU,2022-02-12 01:23:40,overcast clouds
122,Namatanai,-3.6667,152.4333,84.31,69,91,1.54,PG,2022-02-12 01:23:40,light rain
123,Acapulco,16.8634,-99.8901,80.42,65,75,6.91,MX,2022-02-12 01:23:41,broken clouds
124,Ulladulla,-35.35,150.4667,71.76,76,84,12.03,AU,2022-02-12 01:23:41,broken clouds
125,Ahipara,-35.1667,173.1667,80.69,77,95,20.54,NZ,2022-02-12 01:23:41,overcast clouds
126,Svetlyy,54.675,20.1347,33.96,65,4,13.02,RU,2022-02-12 01:23:42,clear sky
127,Visnes,59.3556,5.2242,42.22,75,75,26.46,NO,2022-02-12 01:23:42,broken clouds
128,Santa Cruz,-17.8,-63.1667,80.06,78,100,5.75,BO,2022-02-12 01:23:43,overcast clouds
129,Juba,4.8517,31.5825,78.06,29,85,3.96,SS,2022-02-12 01:23:43,overcast clouds
130,Grindavik,63.8424,-22.4338,30.15,80,0,11.5,IS,2022-02-12 01:23:43,clear sky
131,Srednekolymsk,67.45,153.6833,-29.31,97,45,6.24,RU,2022-02-12 01:23:44,scattered clouds
132,Tasiilaq,65.6145,-37.6368,12.36,69,100,4.16,GL,2022-02-12 01:23:44,overcast clouds
133,Basco,20.4487,121.9702,76.26,76,100,19.04,PH,2022-02-12 01:23:44,overcast clouds
134,Atuona,-9.8,-139.0333,77.74,76,3,10.76,PF,2022-02-12 01:23:45,clear sky
135,Iracoubo,5.4802,-53.2011,75.85,89,66,9.19,GF,2022-02-12 01:24:45,broken clouds
136,Svetlaya,46.5389,138.3297,25.65,91,100,6.98,RU,2022-02-12 01:20:38,light snow
137,Victoria,22.2855,114.1577,68.95,88,16,5.01,HK,2022-02-12 01:20:14,few clouds
138,Lovozero,68.005,35.0117,7.25,97,79,5.1,RU,2022-02-12 01:24:46,broken clouds
139,Fare,-16.7,-151.0167,82.15,70,100,13.69,PF,2022-02-12 01:24:46,overcast clouds
140,Mar Del Plata,-38.0023,-57.5575,63.09,73,100,25.99,AR,2022-02-12 01:24:47,overcast clouds
141,Broome,42.2506,-75.833,48.78,54,75,10.36,US,2022-02-12 01:24:47,broken clouds
142,San Cristobal,7.7669,-72.225,69.98,88,56,1.03,VE,2022-02-12 01:20:09,broken clouds
143,Bengkulu,-3.8004,102.2655,76.42,81,100,4.32,ID,2022-02-12 01:24:48,overcast clouds
144,Saint-Joseph,-21.3667,55.6167,75.58,73,39,6.29,RE,2022-02-12 01:24:48,scattered clouds
145,La Romana,18.4273,-68.9728,78.53,88,20,0.0,DO,2022-02-12 01:24:49,few clouds
146,Kaitangata,-46.2817,169.8464,63.93,49,100,9.13,NZ,2022-02-12 01:24:49,overcast clouds
147,Talas,38.6908,35.5538,18.27,93,0,5.75,TR,2022-02-12 01:24:50,clear sky
148,Vaini,-21.2,-175.2,86.16,84,20,8.05,TO,2022-02-12 01:24:50,few clouds
149,Xining,36.6167,101.7667,15.35,93,100,0.63,CN,2022-02-12 01:24:50,overcast clouds
150,Port Blair,11.6667,92.75,75.24,88,40,1.14,IN,2022-02-12 01:24:51,mist
151,San Patricio,28.017,-97.5169,66.88,78,0,12.75,US,2022-02-12 01:24:51,clear sky
152,Atbasar,51.8,68.3333,17.69,95,100,12.97,KZ,2022-02-12 01:24:52,light snow
153,Nova Olimpia,-14.7972,-57.2881,73.45,95,100,3.94,BR,2022-02-12 01:24:52,light rain
154,Upernavik,72.7868,-56.1549,-11.04,77,100,17.27,GL,2022-02-12 01:24:52,overcast clouds
155,Beaverlodge,55.2166,-119.4361,27.75,50,100,5.28,CA,2022-02-12 01:24:53,overcast clouds
156,Tiksi,71.6872,128.8694,-12.71,93,74,17.4,RU,2022-02-12 01:24:53,broken clouds
157,Belyy,55.8402,32.9419,26.62,93,99,5.64,RU,2022-02-12 01:24:54,overcast clouds
158,Bela,25.9333,81.9833,48.24,62,0,7.99,IN,2022-02-12 01:24:54,clear sky
159,Henties Bay,-22.116,14.2845,70.86,88,8,10.2,NA,2022-02-12 01:24:54,clear sky
160,Yulara,-25.2406,130.9889,85.84,23,0,16.11,AU,2022-02-12 01:23:44,clear sky
161,Bridlington,54.0831,-0.1919,39.29,78,100,24.11,GB,2022-02-12 01:24:55,overcast clouds
162,Shingu,33.7333,135.9833,49.19,33,100,0.74,JP,2022-02-12 01:24:55,overcast clouds
163,Saint-Georges,12.0564,-61.7485,78.48,73,40,17.27,GD,2022-02-12 01:22:25,scattered clouds
164,Erzin,36.9559,36.2,39.92,63,0,2.06,TR,2022-02-12 01:24:56,clear sky
165,Sao Filipe,14.8961,-24.4956,79.38,47,92,13.73,CV,2022-02-12 01:24:56,overcast clouds
166,Ilulissat,69.2167,-51.1,26.62,74,20,14.97,GL,2022-02-12 01:24:57,few clouds
167,Sirvintos,55.05,24.95,32.81,91,100,11.1,LT,2022-02-12 01:24:57,overcast clouds
168,Morant Bay,17.8815,-76.4093,80.22,82,11,9.51,JM,2022-02-12 01:24:57,few clouds
169,Pevek,69.7008,170.3133,-28.75,99,99,6.33,RU,2022-02-12 01:24:58,overcast clouds
170,Rodrigues Alves,-7.738,-72.6509,74.23,91,100,3.24,BR,2022-02-12 01:24:58,overcast clouds
171,Yaransk,57.3033,47.8861,21.72,97,96,7.0,RU,2022-02-12 01:24:58,overcast clouds
172,Khovu-Aksy,51.1333,93.6,-21.14,88,5,3.36,RU,2022-02-12 01:24:59,clear sky
173,Sao Gabriel Da Cachoeira,-0.1303,-67.0892,73.06,96,100,1.83,BR,2022-02-12 01:24:59,heavy intensity rain
174,Sisophon,13.5859,102.9737,81.14,65,100,2.13,KH,2022-02-12 01:25:00,overcast clouds
175,Pangnirtung,66.1451,-65.7125,2.37,88,100,2.17,CA,2022-02-12 01:25:00,overcast clouds
176,Suez,29.9737,32.5263,51.6,71,0,6.67,EG,2022-02-12 01:25:00,clear sky
177,Anchorage,61.2181,-149.9003,31.28,78,100,9.22,US,2022-02-12 01:24:24,overcast clouds
178,Santo Antonio Do Ica,-3.1022,-67.9397,74.28,97,100,2.84,BR,2022-02-12 01:25:01,overcast clouds
179,Mokhsogollokh,61.4681,128.9203,-23.35,96,33,3.15,RU,2022-02-12 01:26:01,scattered clouds
180,Sibolga,1.7427,98.7792,75.18,85,100,4.14,ID,2022-02-12 01:21:02,overcast clouds
181,Castanhal,-1.2939,-47.9264,78.39,99,84,3.31,BR,2022-02-12 01:26:02,heavy intensity rain
182,Barrow,71.2906,-156.7887,-30.98,100,0,5.75,US,2022-02-12 01:26:02,haze
183,Hilo,19.7297,-155.09,78.53,67,100,8.05,US,2022-02-12 01:22:32,overcast clouds
184,Seguela,7.9611,-6.6731,73.63,21,6,2.71,CI,2022-02-12 01:26:03,clear sky
185,Cine,37.6117,28.0614,36.5,69,0,2.98,TR,2022-02-12 01:26:03,clear sky
186,Zhigansk,66.7697,123.3711,-30.91,100,100,5.97,RU,2022-02-12 01:26:03,overcast clouds
187,Port Elizabeth,-33.918,25.5701,61.09,94,0,3.44,ZA,2022-02-12 01:26:04,clear sky
188,Moengo,5.6167,-54.4,72.27,98,64,2.13,SR,2022-02-12 01:25:18,broken clouds
189,Taoudenni,22.6783,-3.9836,60.89,25,0,11.56,ML,2022-02-12 01:26:04,clear sky
190,Itoman,26.1247,127.6694,71.62,75,75,13.8,JP,2022-02-12 01:21:12,broken clouds
191,Mezen,65.8522,44.24,18.1,97,99,5.12,RU,2022-02-12 01:26:05,overcast clouds
192,Ilhabela,-23.7781,-45.3581,73.98,88,47,7.31,BR,2022-02-12 01:26:05,scattered clouds
193,Saskylakh,71.9167,114.0833,5.7,90,99,13.94,RU,2022-02-12 01:26:06,overcast clouds
194,Lively,46.4334,-81.1498,32.02,93,91,8.1,CA,2022-02-12 01:26:06,overcast clouds
195,Merauke,-8.4667,140.3333,83.32,69,67,2.62,ID,2022-02-12 01:26:06,broken clouds
196,Zyryanovsk,49.7386,84.2719,-22.16,99,74,2.15,KZ,2022-02-12 01:26:07,broken clouds
197,Talnakh,69.4865,88.3972,-11.85,87,94,9.55,RU,2022-02-12 01:26:07,overcast clouds
198,Tuatapere,-46.1333,167.6833,59.83,64,88,13.53,NZ,2022-02-12 01:26:08,overcast clouds
199,Vao,-22.6667,167.4833,80.33,83,100,14.29,NC,2022-02-12 01:26:08,overcast clouds
200,Kolpashevo,58.3131,82.9089,-14.87,99,35,5.7,RU,2022-02-12 01:26:08,scattered clouds
201,Tura,25.5198,90.2201,52.83,69,0,2.71,IN,2022-02-12 01:26:09,clear sky
202,Narsaq,60.9167,-46.05,25.02,84,100,6.62,GL,2022-02-12 01:26:09,overcast clouds
203,Deputatskiy,69.3,139.9,-16.35,96,100,5.75,RU,2022-02-12 01:26:10,overcast clouds
204,Chichibu,35.9903,139.0764,43.54,50,86,1.01,JP,2022-02-12 01:26:10,overcast clouds
205,Aasiaat,68.7098,-52.8699,18.05,95,100,8.72,GL,2022-02-12 01:26:10,light snow
206,Valparaiso,-33.0393,-71.6273,62.24,82,0,3.44,CL,2022-02-12 01:22:14,clear sky
207,Abu Kamal,34.4506,40.9171,49.62,64,5,10.92,SY,2022-02-12 01:26:11,clear sky
208,Dafeng,23.4517,108.5881,49.15,88,100,4.14,CN,2022-02-12 01:26:11,overcast clouds
209,Hovd,48.0056,91.6419,-15.92,85,54,3.89,MN,2022-02-12 01:26:12,broken clouds
210,Nanakuli,21.3906,-158.1547,81.77,57,0,12.66,US,2022-02-12 01:26:12,clear sky
211,Codrington,-38.2667,141.9667,74.5,46,2,9.33,AU,2022-02-12 01:26:12,clear sky
212,Chapais,49.7834,-74.8492,13.78,95,100,7.07,CA,2022-02-12 01:26:13,light snow
213,Alice Springs,-23.7,133.8833,81.95,28,0,16.11,AU,2022-02-12 01:26:04,clear sky
214,Simao,22.7886,100.9748,53.13,50,2,0.83,CN,2022-02-12 01:26:13,clear sky
215,Llanes,43.4198,-4.7549,44.87,82,100,6.24,ES,2022-02-12 01:26:14,overcast clouds
216,Solnechnyy,50.7214,136.6319,12.15,88,100,7.18,RU,2022-02-12 01:26:14,overcast clouds
217,Aykhal,66.0,111.5,-12.19,100,79,4.9,RU,2022-02-12 01:26:14,broken clouds
218,Takoradi,4.8845,-1.7554,79.11,87,41,7.61,GH,2022-02-12 01:26:15,scattered clouds
219,Kavieng,-2.5744,150.7967,83.89,68,27,3.56,PG,2022-02-12 01:26:15,scattered clouds
220,Faanui,-16.4833,-151.75,80.62,75,100,14.05,PF,2022-02-12 01:26:16,light rain
221,Norman Wells,65.282,-126.8329,-16.56,69,20,2.3,CA,2022-02-12 01:26:16,few clouds
222,Kunming,25.0389,102.7183,46.33,61,0,8.95,CN,2022-02-12 01:26:16,clear sky
223,Esperance,-33.8667,121.9,73.24,92,100,5.21,AU,2022-02-12 01:26:17,overcast clouds
224,Rokytne,51.2796,27.214,32.94,94,100,10.63,UA,2022-02-12 01:26:17,overcast clouds
225,Toora-Khem,52.4675,96.11,-31.63,100,100,0.96,RU,2022-02-12 01:26:17,overcast clouds
226,Tela,15.7833,-87.45,76.08,89,1,4.72,HN,2022-02-12 01:26:18,clear sky
227,Mangrol,21.1167,70.1167,66.06,38,5,10.89,IN,2022-02-12 01:26:18,clear sky
228,Anshun,26.25,105.9333,38.75,90,100,2.53,CN,2022-02-12 01:27:19,overcast clouds
229,Zaysan,47.4667,84.8667,-0.65,85,78,4.85,KZ,2022-02-12 01:27:19,broken clouds
230,Verkhoyansk,67.5447,133.385,-23.73,96,89,1.63,RU,2022-02-12 01:27:19,overcast clouds
231,Touros,-5.1989,-35.4608,81.5,80,90,8.34,BR,2022-02-12 01:25:42,overcast clouds
232,Hamilton,39.1834,-84.5333,47.41,85,100,19.57,US,2022-02-12 01:25:30,light rain
233,Anadyr,64.75,177.4833,-34.01,73,20,11.18,RU,2022-02-12 01:27:20,mist
234,Nokaneng,-19.6667,22.2667,69.8,82,69,4.47,BW,2022-02-12 01:27:20,broken clouds
235,Khatanga,71.9667,102.5,-1.01,83,100,14.16,RU,2022-02-12 01:27:04,overcast clouds
236,Okhotsk,59.3833,143.3,-5.57,77,33,9.35,RU,2022-02-12 01:27:21,scattered clouds
237,Mingoyo,-10.1,39.6333,73.29,98,100,1.45,TZ,2022-02-12 01:27:22,light rain
238,Thinadhoo,0.5333,72.9333,80.96,71,58,6.42,MV,2022-02-12 01:27:22,broken clouds
239,Longyearbyen,78.2186,15.6401,14.76,94,100,3.6,SJ,2022-02-12 01:25:50,overcast clouds
240,Leningradskiy,69.3833,178.4167,-17.28,96,94,4.47,RU,2022-02-12 01:24:26,overcast clouds
241,Omboue,-1.5746,9.2618,77.14,89,81,6.13,GA,2022-02-12 01:27:23,broken clouds
242,Kifri,34.6959,44.9661,49.01,68,44,6.35,IQ,2022-02-12 01:27:23,scattered clouds
243,Constitucion,-35.3333,-72.4167,58.86,67,0,9.22,CL,2022-02-12 01:27:24,clear sky
244,Clyde River,70.4692,-68.5914,-16.37,76,100,29.93,CA,2022-02-12 01:27:24,snow
245,Port Lincoln,-34.7333,135.8667,71.74,59,0,12.82,AU,2022-02-12 01:27:25,clear sky
246,Strezhevoy,60.7333,77.5889,-16.02,99,42,5.57,RU,2022-02-12 01:27:25,scattered clouds
247,Kudahuvadhoo,2.6708,72.8944,80.83,67,99,0.47,MV,2022-02-12 01:27:25,overcast clouds
248,Klaksvik,62.2266,-6.589,38.32,97,100,31.14,FO,2022-02-12 01:27:26,overcast clouds
249,Half Moon Bay,37.4636,-122.4286,76.24,55,0,11.5,US,2022-02-12 01:27:26,clear sky
250,Provideniya,64.3833,-173.3,-12.39,88,4,8.55,RU,2022-02-12 01:26:54,clear sky
251,Shitanjing,39.2342,106.3439,19.94,67,100,4.07,CN,2022-02-12 01:27:27,overcast clouds
252,Chuy,-33.6971,-53.4616,72.55,85,50,13.78,UY,2022-02-12 01:27:27,scattered clouds
253,Denizli,37.8402,29.0698,38.25,55,0,3.6,TR,2022-02-12 01:27:27,clear sky
254,Ifanadiana,-21.3,47.6333,68.05,99,67,1.21,MG,2022-02-12 01:27:28,broken clouds
255,Along,28.1667,94.7667,49.86,96,83,2.17,IN,2022-02-12 01:27:28,broken clouds
256,Saint-Esteve,42.7131,2.843,52.56,82,0,3.44,FR,2022-02-12 01:27:29,clear sky
257,Kupino,54.3663,77.2981,-15.29,100,92,8.21,RU,2022-02-12 01:27:29,overcast clouds
258,Vanavara,60.34,102.2797,-15.41,98,99,1.59,RU,2022-02-12 01:27:30,overcast clouds
259,Kurilsk,45.2333,147.8833,27.54,63,71,6.31,RU,2022-02-12 01:27:30,broken clouds
260,Ostrow Wielkopolski,51.655,17.8069,33.58,84,9,12.41,PL,2022-02-12 01:27:30,clear sky
261,Vestmanna,62.1564,-7.1664,36.52,93,100,20.71,FO,2022-02-12 01:27:31,overcast clouds
262,Salvador,13.8333,-88.9167,72.0,69,28,1.86,SV,2022-02-12 01:26:04,scattered clouds
263,Fort-Shevchenko,44.5086,50.263,39.92,83,100,10.69,KZ,2022-02-12 01:27:31,overcast clouds
264,Gainesville,29.6516,-82.3248,62.74,63,0,0.0,US,2022-02-12 01:23:05,clear sky
265,Atar,20.5169,-13.0499,66.72,20,100,9.28,MR,2022-02-12 01:27:02,overcast clouds
266,Bambous Virieux,-20.3428,57.7575,75.45,94,40,3.44,MU,2022-02-12 01:27:32,scattered clouds
267,Batagay,67.6333,134.6333,-27.27,97,55,3.22,RU,2022-02-12 01:27:32,broken clouds
268,Alofi,-19.0595,-169.9187,82.29,83,2,11.5,NU,2022-02-12 01:27:33,clear sky
269,Druzhinino,56.7895,59.5143,3.69,99,98,3.04,RU,2022-02-12 01:27:33,overcast clouds
270,Kenai,60.5544,-151.2583,28.02,74,100,14.97,US,2022-02-12 01:27:34,overcast clouds
271,Sokoni,-6.4333,39.55,79.86,77,100,10.29,TZ,2022-02-12 01:27:34,overcast clouds
272,Yanggu,36.1106,115.7753,40.86,54,100,4.36,CN,2022-02-12 01:28:34,overcast clouds
273,Wilmington,34.2257,-77.9447,55.85,59,0,8.05,US,2022-02-12 01:28:33,clear sky
274,Maniitsoq,65.4167,-52.9,28.6,95,100,16.67,GL,2022-02-12 01:28:35,snow
275,Prizren,42.2139,20.7397,43.68,73,14,4.88,XK,2022-02-12 01:28:35,few clouds
276,Kasangulu,-4.5911,15.1708,79.68,93,100,3.02,CD,2022-02-12 01:28:36,light rain
277,Cayenne,4.9333,-52.3333,78.1,88,75,10.36,GF,2022-02-12 01:28:36,broken clouds
278,Palafrugell,41.9174,3.1631,52.47,48,7,7.09,ES,2022-02-12 01:28:36,clear sky
279,Cockburn Town,21.4612,-71.1419,76.96,78,40,14.97,TC,2022-02-12 01:27:30,scattered clouds
280,Inirida,3.8653,-67.9239,76.73,78,89,0.63,CO,2022-02-12 01:28:37,overcast clouds
281,Arraial Do Cabo,-22.9661,-42.0278,71.56,84,75,2.3,BR,2022-02-12 01:26:42,broken clouds
282,Tamandare,-8.7597,-35.1047,79.61,80,64,8.9,BR,2022-02-12 01:28:37,broken clouds
283,Khyriv,49.5333,22.8524,33.49,90,100,10.85,UA,2022-02-12 01:28:38,overcast clouds
284,Grand Gaube,-20.0064,57.6608,75.6,82,98,3.0,MU,2022-02-12 01:28:38,overcast clouds
285,Yar-Sale,66.8333,70.8333,-1.14,82,100,16.4,RU,2022-02-12 01:28:39,overcast clouds
286,Rawson,-43.3002,-65.1023,61.83,47,100,13.27,AR,2022-02-12 01:28:39,overcast clouds
287,Ontario,34.0633,-117.6509,83.39,21,0,8.05,US,2022-02-12 01:24:01,clear sky
288,Praia Da Vitoria,38.7333,-27.0667,59.25,82,20,8.59,PT,2022-02-12 01:24:12,few clouds
289,Padang,-0.9492,100.3543,78.85,73,100,2.66,ID,2022-02-12 01:28:40,overcast clouds
290,Behbahan,30.5959,50.2417,51.12,64,0,4.45,IR,2022-02-12 01:28:40,clear sky
291,Bedele,8.456,36.353,60.28,63,98,2.68,ET,2022-02-12 01:28:40,overcast clouds
292,Port Moresby,-9.4431,147.1797,87.22,55,20,6.91,PG,2022-02-12 01:28:41,few clouds
293,Eydhafushi,5.1033,73.0708,80.98,72,100,4.99,MV,2022-02-12 01:28:41,overcast clouds
294,Rawlins,41.7911,-107.2387,21.63,84,100,11.5,US,2022-02-12 01:28:42,overcast clouds
295,Kjollefjord,70.9457,27.3465,27.61,63,87,13.29,NO,2022-02-12 01:28:42,snow
296,Ust-Nera,64.5667,143.2,-25.87,97,63,2.8,RU,2022-02-12 01:28:42,broken clouds
297,Masuguru,-11.3667,38.4167,71.4,99,100,0.83,TZ,2022-02-12 01:27:13,overcast clouds
298,Gawler,-34.6,138.7333,82.09,33,0,5.08,AU,2022-02-12 01:28:43,clear sky
299,Pundaguitan,6.3711,126.1689,81.23,77,100,12.53,PH,2022-02-12 01:28:43,overcast clouds
300,Dalvik,65.9702,-18.5286,21.13,92,100,6.69,IS,2022-02-12 01:28:44,overcast clouds
301,Pochutla,15.7432,-96.4661,79.65,72,81,4.0,MX,2022-02-12 01:28:44,broken clouds
302,Baghdad,33.3406,44.4009,46.31,66,0,9.22,IQ,2022-02-12 01:26:05,clear sky
303,Port-Gentil,-0.7193,8.7815,80.46,81,99,11.25,GA,2022-02-12 01:28:45,overcast clouds
304,Eagle,43.6954,-116.354,48.15,46,0,12.66,US,2022-02-12 01:28:45,clear sky
305,Saint-Francois,46.4154,3.9054,29.68,91,0,3.44,FR,2022-02-12 01:28:46,clear sky
306,Cherskiy,68.75,161.3,-32.53,98,100,6.8,RU,2022-02-12 01:28:46,overcast clouds
307,George,-33.963,22.4617,63.95,94,100,3.44,ZA,2022-02-12 01:26:48,overcast clouds
308,Guerrero Negro,27.9769,-114.0611,69.89,33,0,10.38,MX,2022-02-12 01:28:47,clear sky
309,Ancud,-41.8697,-73.8203,56.73,72,42,5.59,CL,2022-02-12 01:28:47,scattered clouds
310,Aldan,58.6031,125.3894,-17.77,98,100,2.55,RU,2022-02-12 01:28:47,overcast clouds
311,Palmer,42.1584,-72.3287,46.24,51,75,8.05,US,2022-02-12 01:28:48,broken clouds
312,Hasanabad,36.5465,61.0543,46.62,76,100,4.61,IR,2022-02-12 01:28:48,overcast clouds
313,Raudeberg,61.9875,5.1352,38.19,89,100,7.0,NO,2022-02-12 01:28:48,overcast clouds
314,Apatou,5.155,-54.3472,72.12,99,91,2.37,GF,2022-02-12 01:28:49,overcast clouds
315,Muli,2.9167,73.5667,81.05,67,31,3.74,MV,2022-02-12 01:28:49,scattered clouds
316,Raduzhnyy,62.0961,77.475,-13.79,98,5,7.47,RU,2022-02-12 01:28:50,clear sky
317,Tieling,42.2931,123.8414,20.61,52,100,7.25,CN,2022-02-12 01:28:50,overcast clouds
318,Nome,64.5011,-165.4064,1.47,55,0,20.71,US,2022-02-12 01:28:50,clear sky
319,Coxim,-18.5067,-54.76,74.44,90,4,3.13,BR,2022-02-12 01:28:51,clear sky
320,Nabire,-3.3667,135.4833,79.25,89,95,3.04,ID,2022-02-12 01:28:26,overcast clouds
321,Kirakira,-10.4544,161.9205,78.94,87,100,4.29,SB,2022-02-12 01:29:51,very heavy rain
322,Arawa,-6.2132,155.5367,80.35,83,100,2.19,PG,2022-02-12 01:29:52,light rain
323,Asilah,35.465,-6.0348,57.06,80,0,9.17,MA,2022-02-12 01:29:52,clear sky
324,Vitry-Le-Francois,48.7333,4.5833,32.86,85,13,4.81,FR,2022-02-12 01:29:52,few clouds
325,Mori,34.8333,137.9333,47.44,63,83,1.05,JP,2022-02-12 01:29:53,broken clouds
326,Nanortalik,60.1432,-45.2371,29.8,75,100,10.33,GL,2022-02-12 01:29:53,overcast clouds
327,Kamenka,51.3223,42.7678,30.74,88,100,13.18,RU,2022-02-12 01:29:54,overcast clouds
328,Izumo,35.3667,132.7667,42.75,75,40,1.14,JP,2022-02-12 01:29:54,scattered clouds
329,Awash,8.9833,40.1667,67.71,49,10,0.83,ET,2022-02-12 01:29:54,clear sky
330,Berlevag,70.8578,29.0864,30.27,67,100,19.84,NO,2022-02-12 01:29:55,overcast clouds
331,Bad Neuenahr-Ahrweiler,50.55,7.1,33.76,80,0,4.0,DE,2022-02-12 01:29:55,clear sky
332,Dir,35.2058,71.8756,36.5,41,1,8.84,PK,2022-02-12 01:29:55,clear sky
333,Ampanihy,-24.7,44.75,72.97,91,62,9.28,MG,2022-02-12 01:29:56,broken clouds
334,Sioux Lookout,50.1001,-91.917,-10.82,70,0,8.05,CA,2022-02-12 01:29:56,clear sky
335,Panzhihua,26.5851,101.7128,48.96,68,0,1.86,CN,2022-02-12 01:29:56,clear sky
336,Manakara,-22.1333,48.0167,73.72,91,12,1.54,MG,2022-02-12 01:29:57,few clouds
337,Amapa,1.0,-52.0,72.25,98,74,2.55,BR,2022-02-12 01:29:57,broken clouds
338,Maldonado,-34.6667,-54.9167,72.79,90,100,15.55,UY,2022-02-12 01:29:58,overcast clouds
339,Bundaberg,-24.85,152.35,84.22,57,40,14.97,AU,2022-02-12 01:29:58,scattered clouds
340,Coracora,-15.0333,-73.7833,50.68,84,84,5.95,PE,2022-02-12 01:29:58,broken clouds
341,Lebu,-37.6167,-73.65,58.75,78,0,21.21,CL,2022-02-12 01:29:59,clear sky
342,Pilar,-9.5972,-35.9567,76.93,82,36,7.63,BR,2022-02-12 01:29:59,scattered clouds
343,Santa Clara,22.4,-79.9667,74.17,94,75,3.44,CU,2022-02-12 01:29:59,broken clouds
344,Bubaque,11.2833,-15.8333,78.94,69,3,5.86,GW,2022-02-12 01:30:00,clear sky
345,Batticaloa,7.7102,81.6924,77.88,84,98,2.59,LK,2022-02-12 01:30:01,light rain
346,Aksarka,66.5606,67.7975,-3.84,88,100,10.04,RU,2022-02-12 01:30:01,overcast clouds
347,Coruripe,-10.1256,-36.1756,80.35,79,88,13.49,BR,2022-02-12 01:30:02,overcast clouds
348,Port Hardy,50.6996,-127.4199,46.76,87,40,2.3,CA,2022-02-12 01:25:37,scattered clouds
349,Canandaigua,42.8742,-77.288,49.71,74,100,8.99,US,2022-02-12 01:30:03,overcast clouds
350,Sars,56.5502,57.1366,14.74,96,97,6.26,RU,2022-02-12 01:30:04,overcast clouds
351,Katangli,51.7102,143.2326,26.2,88,100,12.24,RU,2022-02-12 01:30:05,overcast clouds
352,Comodoro Rivadavia,-45.8667,-67.5,67.86,21,0,8.05,AR,2022-02-12 01:30:06,clear sky
353,Alexandria,31.2156,29.9553,48.74,93,0,0.0,EG,2022-02-12 01:28:53,clear sky
354,Fort Nelson,58.8053,-122.7002,8.19,72,75,2.3,CA,2022-02-12 01:30:07,broken clouds
355,Burgeo,47.6167,-57.6152,30.74,81,12,14.18,CA,2022-02-12 01:30:08,few clouds
356,Akonolinga,3.7667,12.25,63.37,86,1,3.27,CM,2022-02-12 01:30:08,clear sky
357,Ostrovnoy,68.0531,39.5131,13.75,97,95,8.25,RU,2022-02-12 01:30:09,overcast clouds
358,Kangaatsiaq,68.3065,-53.4641,8.76,94,100,5.64,GL,2022-02-12 01:30:09,light snow
359,Mto Wa Mbu,-3.35,35.85,67.42,90,100,2.39,TZ,2022-02-12 01:30:10,overcast clouds
360,Port Macquarie,-31.4333,152.9167,76.89,58,97,17.07,AU,2022-02-12 01:30:10,overcast clouds
361,Khuzhir,53.1939,107.3397,-5.55,88,88,3.38,RU,2022-02-12 01:30:11,overcast clouds
362,Kaa-Khem,51.6833,94.7333,-24.75,96,51,2.15,RU,2022-02-12 01:30:11,broken clouds
363,Tofield,53.3668,-112.6686,27.03,84,100,6.31,CA,2022-02-12 01:30:11,overcast clouds
364,Pangai,-19.8,-174.35,86.11,70,20,14.97,TO,2022-02-12 01:30:12,few clouds
365,Petropavlovsk-Kamchatskiy,53.0452,158.6483,10.99,57,0,2.24,RU,2022-02-12 01:30:12,clear sky
366,Jiexiu,37.0244,111.9125,37.62,44,100,2.3,CN,2022-02-12 01:30:13,overcast clouds
367,Dzerzhinsk,56.2389,43.4631,30.02,86,40,6.71,RU,2022-02-12 01:31:13,scattered clouds
368,Cabo San Lucas,22.8909,-109.9124,70.11,67,0,9.22,MX,2022-02-12 01:31:13,clear sky
369,Landau,49.2075,8.1133,36.81,89,3,3.56,DE,2022-02-12 01:31:14,clear sky
370,Acaponeta,22.4964,-105.3594,63.46,58,0,1.99,MX,2022-02-12 01:31:14,clear sky
371,Isangel,-19.55,169.2667,87.91,74,75,10.36,VU,2022-02-12 01:31:14,broken clouds
372,Doha,25.2867,51.5333,66.09,82,0,6.91,QA,2022-02-12 01:31:15,clear sky
373,Atyrau,47.1167,51.8833,33.82,93,75,15.66,KZ,2022-02-12 01:31:15,mist
374,Kawalu,-7.3817,108.2082,77.02,82,100,2.48,ID,2022-02-12 01:31:16,moderate rain
375,Murgab,37.4966,61.9714,44.47,70,100,9.22,TM,2022-02-12 01:31:16,overcast clouds
376,Santa Isabel,-23.3156,-46.2214,69.1,98,60,2.48,BR,2022-02-12 01:31:17,broken clouds
377,Medvezhyegorsk,62.9167,34.4667,16.75,92,99,8.05,RU,2022-02-12 01:31:17,overcast clouds
378,Korla,41.7597,86.1469,26.6,46,11,5.19,CN,2022-02-12 01:31:17,few clouds
379,Kingman,35.1894,-114.053,67.48,16,0,23.02,US,2022-02-12 01:30:50,clear sky
380,Zabol,32.25,67.25,35.74,39,0,1.12,AF,2022-02-12 01:29:38,clear sky
381,Talavera,15.6167,120.9333,83.93,52,96,5.61,PH,2022-02-12 01:31:18,overcast clouds
382,Coquimbo,-29.9533,-71.3436,65.93,77,0,4.61,CL,2022-02-12 01:31:19,clear sky
383,Nauta,-4.5061,-73.5757,74.64,91,100,1.97,PE,2022-02-12 01:31:19,moderate rain
384,Boca Do Acre,-8.7522,-67.3978,73.81,98,100,2.64,BR,2022-02-12 01:31:20,light rain
385,Viedma,-40.8135,-62.9967,60.28,35,0,9.62,AR,2022-02-12 01:31:20,clear sky
386,Gull Lake,50.1001,-108.4847,10.76,86,100,14.09,CA,2022-02-12 01:31:21,overcast clouds
387,Tecoanapa,16.5167,-98.75,76.84,66,87,4.43,MX,2022-02-12 01:31:21,overcast clouds
388,Chalan,9.5477,-75.3113,75.38,80,21,3.15,CO,2022-02-12 01:31:21,few clouds
389,Xichang,27.8964,102.2634,46.81,70,11,1.9,CN,2022-02-12 01:31:22,few clouds
390,Boromo,11.75,-2.9333,72.18,11,1,7.05,BF,2022-02-12 01:31:22,clear sky
391,Winslow,35.0242,-110.6974,60.98,15,0,10.36,US,2022-02-12 01:27:45,clear sky
392,Revelstoke,50.9832,-118.2023,32.02,86,0,0.0,CA,2022-02-12 01:28:01,clear sky
393,Kargat,55.1956,80.2811,-18.13,100,97,6.38,RU,2022-02-12 01:31:23,overcast clouds
394,Celestun,20.8667,-90.4,73.29,78,100,13.53,MX,2022-02-12 01:31:23,overcast clouds
395,Surany,48.0861,18.1845,39.04,74,17,9.51,SK,2022-02-12 01:31:23,few clouds
396,Auki,-8.7676,160.7034,79.16,87,100,7.11,SB,2022-02-12 01:31:24,overcast clouds
397,Nevel,56.0209,29.9284,26.96,89,100,8.72,RU,2022-02-12 01:31:24,overcast clouds
398,Dalbandin,28.8947,64.4101,54.09,20,0,3.09,PK,2022-02-12 01:31:25,clear sky
399,Abashiri,44.0213,144.2697,23.29,74,75,3.44,JP,2022-02-12 01:31:25,broken clouds
400,Kargasok,59.0556,80.8572,-13.85,100,67,8.39,RU,2022-02-12 01:31:25,broken clouds
401,Batemans Bay,-35.7167,150.1833,75.2,61,68,10.18,AU,2022-02-12 01:27:45,broken clouds
402,Beruwala,6.4788,79.9828,76.86,89,99,2.26,LK,2022-02-12 01:31:26,overcast clouds
403,Moron,-34.6534,-58.6198,64.96,61,100,13.62,AR,2022-02-12 01:31:26,overcast clouds
404,Mehamn,71.0357,27.8492,25.72,65,83,13.22,NO,2022-02-12 01:31:27,light snow
405,Pringsewu,-5.3582,104.9744,77.94,82,100,1.54,ID,2022-02-12 01:31:27,overcast clouds
406,Abalak,58.1286,68.5944,-3.23,89,100,12.21,RU,2022-02-12 01:31:27,overcast clouds
407,Susangerd,31.5608,48.1831,55.42,52,0,9.48,IR,2022-02-12 01:31:28,clear sky
408,Daru,-9.0763,143.2092,83.77,65,100,6.91,PG,2022-02-12 01:31:28,overcast clouds
409,Iquique,-20.2208,-70.1431,69.84,70,0,3.38,CL,2022-02-12 01:29:44,clear sky
410,Broken Hill,-31.95,141.4333,76.71,29,0,12.66,AU,2022-02-12 01:27:49,clear sky
411,Emerald,-23.5333,148.1667,85.33,51,0,8.05,AU,2022-02-12 01:31:29,clear sky
412,Pouembout,-21.1333,164.9,83.7,76,75,7.76,NC,2022-02-12 01:31:29,broken clouds
413,Lake Havasu City,34.4839,-114.3224,81.21,9,0,19.57,US,2022-02-12 01:31:30,clear sky
414,Walvis Bay,-22.9575,14.5053,71.1,83,8,3.44,NA,2022-02-12 01:26:42,clear sky
415,Christchurch,-43.5333,172.6333,65.91,92,100,8.05,NZ,2022-02-12 01:31:30,overcast clouds
416,Gumdag,39.2061,54.5906,39.7,62,3,9.08,TM,2022-02-12 01:32:31,clear sky
417,Oriximina,-1.7656,-55.8661,74.64,95,96,2.71,BR,2022-02-12 01:32:31,light rain
418,Gat,31.61,34.7642,47.8,78,0,3.8,IL,2022-02-12 01:32:31,clear sky
419,Dayong,25.0209,118.2898,60.48,78,75,3.42,CN,2022-02-12 01:32:32,broken clouds
420,Kichera,55.9375,110.0997,-11.99,82,19,4.14,RU,2022-02-12 01:32:32,few clouds
421,Quatre Cocos,-20.2078,57.7625,75.31,80,84,3.15,MU,2022-02-12 01:31:05,broken clouds
422,Talara,-4.5772,-81.2719,72.16,86,3,10.83,PE,2022-02-12 01:32:33,clear sky
423,Shimoda,34.6667,138.95,46.76,61,77,8.55,JP,2022-02-12 01:32:33,broken clouds
424,Zenzeli,45.9241,47.0474,39.87,85,98,13.58,RU,2022-02-12 01:32:33,overcast clouds
425,Tamiahua,21.2667,-97.45,68.11,80,98,6.06,MX,2022-02-12 01:32:34,overcast clouds
426,Havoysund,70.9963,24.6622,25.68,61,79,8.21,NO,2022-02-12 01:32:34,light snow
427,Sola,-13.8833,167.55,81.09,76,95,11.12,VU,2022-02-12 01:32:35,overcast clouds
428,Meulaboh,4.1363,96.1285,77.52,81,95,3.04,ID,2022-02-12 01:32:35,overcast clouds
429,Umm Lajj,25.0213,37.2685,63.63,37,0,21.9,SA,2022-02-12 01:32:35,clear sky
430,Sao Sebastiao,-23.76,-45.4097,73.31,91,52,5.08,BR,2022-02-12 01:32:36,broken clouds
431,Hobyo,5.3505,48.5268,75.29,67,100,14.63,SO,2022-02-12 01:32:36,overcast clouds
432,Rock Sound,24.9,-76.2,75.61,81,42,7.27,BS,2022-02-12 01:32:36,scattered clouds
433,Richards Bay,-28.783,32.0377,70.45,91,3,5.44,ZA,2022-02-12 01:32:37,clear sky
434,Ballina,-28.8667,153.5667,73.58,91,75,9.22,AU,2022-02-12 01:32:25,broken clouds
435,Praya,14.9215,-23.5087,73.94,60,0,21.85,CV,2022-02-12 01:32:37,clear sky
436,Kungurtug,50.5994,97.5228,-20.94,96,28,1.23,RU,2022-02-12 01:32:38,scattered clouds
437,Dalianwan,39.0286,121.695,33.84,47,0,6.71,CN,2022-02-12 01:32:38,clear sky
438,Eau Claire,44.8114,-91.4985,11.08,63,100,11.5,US,2022-02-12 01:32:38,overcast clouds
439,Mayo,38.8876,-76.5119,61.43,58,0,17.27,US,2022-02-12 01:32:39,clear sky
440,Kismayo,-0.3582,42.5454,76.17,80,97,15.52,SO,2022-02-12 01:32:39,overcast clouds
441,San Policarpo,12.1791,125.5072,78.48,89,100,13.24,PH,2022-02-12 01:32:40,light rain
442,Vila Velha,-20.3297,-40.2925,73.35,95,75,6.91,BR,2022-02-12 01:30:57,broken clouds
443,Waipawa,-41.4122,175.5153,63.45,99,100,8.99,NZ,2022-02-12 01:32:40,light rain
444,Taiyuan,37.8694,112.5603,26.46,63,100,2.24,CN,2022-02-12 01:32:41,overcast clouds
445,Bashtanka,47.4072,32.4387,39.47,88,76,5.19,UA,2022-02-12 01:32:41,broken clouds
446,Lompoc,34.6391,-120.4579,80.13,41,0,8.05,US,2022-02-12 01:28:01,clear sky
447,Charapan,19.6667,-102.2333,54.19,39,16,4.23,MX,2022-02-12 01:32:41,few clouds
448,Trairi,-3.2778,-39.2689,77.25,83,42,6.26,BR,2022-02-12 01:32:42,scattered clouds
449,Tapes,-30.6733,-51.3958,74.57,81,23,16.55,BR,2022-02-12 01:32:42,few clouds
450,Graaff-Reinet,-32.2522,24.5308,67.33,79,0,3.69,ZA,2022-02-12 01:32:43,clear sky
451,Diego De Almagro,-26.3667,-70.05,64.67,48,0,2.66,CL,2022-02-12 01:32:43,clear sky
452,Kalabo,-14.97,22.6814,65.71,97,100,5.77,ZM,2022-02-12 01:32:43,light rain
453,Tilichiki,60.4667,166.1,-11.33,84,3,9.26,RU,2022-02-12 01:32:44,clear sky
454,Brisbane,-27.4679,153.0281,86.11,56,40,11.5,AU,2022-02-12 01:32:01,scattered clouds
455,Chabahar,25.2919,60.643,68.83,62,0,8.08,IR,2022-02-12 01:32:45,clear sky
456,Methoni,36.8197,21.7049,49.21,72,90,3.56,GR,2022-02-12 01:32:45,overcast clouds
457,Mandalgovi,45.7625,106.2708,-3.93,61,93,3.96,MN,2022-02-12 01:32:45,overcast clouds
458,Katsuura,35.1333,140.3,42.91,54,25,10.11,JP,2022-02-12 01:32:46,scattered clouds
459,Ugoofaaru,5.6667,73.0,81.5,73,100,8.14,MV,2022-02-12 01:32:46,overcast clouds
460,Novaya Bryan,51.7159,108.2691,-26.63,94,99,1.1,RU,2022-02-12 01:32:47,overcast clouds
461,Zhuhai,22.2769,113.5678,69.69,100,40,4.61,CN,2022-02-12 01:33:47,mist
462,Negara,-8.3151,114.6025,78.39,87,100,4.72,ID,2022-02-12 01:33:47,overcast clouds
463,Vasto,42.1243,14.7059,48.47,80,100,8.93,IT,2022-02-12 01:33:48,overcast clouds
464,Johi,26.6921,67.6133,60.85,34,0,2.19,PK,2022-02-12 01:33:48,clear sky
465,Houma,29.5958,-90.7195,60.8,67,0,0.0,US,2022-02-12 01:29:30,clear sky
466,Bodden Town,19.2833,-81.25,79.0,81,20,4.61,KY,2022-02-12 01:33:49,few clouds
467,Makinsk,52.6292,70.4169,3.63,93,100,12.77,KZ,2022-02-12 01:33:49,overcast clouds
468,Carnarvon,-24.8667,113.6333,89.67,51,3,5.75,AU,2022-02-12 01:33:49,clear sky
469,Beringovskiy,63.05,179.3167,-21.44,93,25,10.31,RU,2022-02-12 01:33:50,scattered clouds
470,Tirlyanskiy,54.2109,58.5806,-2.0,100,61,3.91,RU,2022-02-12 01:33:50,broken clouds
471,Santa Cruz Cabralia,-16.2781,-39.0247,79.03,89,0,8.05,BR,2022-02-12 01:33:51,clear sky
472,Soyo,-6.1349,12.3689,76.66,87,39,6.4,AO,2022-02-12 01:33:51,scattered clouds
473,Bocaiuva,-17.1078,-43.815,73.11,88,97,1.12,BR,2022-02-12 01:33:51,overcast clouds
474,Hofn,64.2539,-15.2082,26.8,74,100,21.65,IS,2022-02-12 01:33:52,overcast clouds
475,Kankan,10.3854,-9.3057,70.48,15,3,4.7,GN,2022-02-12 01:33:52,clear sky
476,Grand-Santi,4.25,-54.3833,71.42,99,75,2.42,GF,2022-02-12 01:33:53,broken clouds
477,Sawtell,-30.3833,153.1,70.18,86,100,18.41,AU,2022-02-12 01:33:53,overcast clouds
478,Sorsk,54.0033,90.2467,-16.76,100,70,2.75,RU,2022-02-12 01:33:54,broken clouds
479,Panguna,-6.3164,155.4848,73.62,86,100,2.91,PG,2022-02-12 01:33:54,light rain
480,Nong Kung Si,16.65,103.3,81.57,99,82,9.89,TH,2022-02-12 01:33:54,broken clouds
481,High Level,58.5169,-117.136,-0.29,71,40,5.75,CA,2022-02-12 01:33:55,scattered clouds
482,Kourou,5.1552,-52.6478,78.12,93,78,6.78,GF,2022-02-12 01:30:04,moderate rain
483,Saint George,37.1041,-113.5841,68.59,13,0,13.8,US,2022-02-12 01:31:01,clear sky
484,Tornio,65.8481,24.1466,-0.38,97,87,4.0,FI,2022-02-12 01:33:56,overcast clouds
485,Ghanzi,-21.5667,21.7833,68.76,71,72,5.55,BW,2022-02-12 01:33:56,broken clouds
486,Aljezur,37.3191,-8.8033,56.32,66,100,4.88,PT,2022-02-12 01:33:56,overcast clouds
487,Chitral,35.8462,71.7858,30.99,46,3,8.23,PK,2022-02-12 01:33:57,clear sky
488,Altamira,-3.2033,-52.2064,72.34,98,100,1.21,BR,2022-02-12 01:33:57,overcast clouds
489,Pacific Grove,36.6177,-121.9166,75.58,50,0,4.0,US,2022-02-12 01:29:49,clear sky
490,Najran,17.4924,44.1277,57.85,37,0,3.94,SA,2022-02-12 01:33:58,clear sky
491,Rio Brilhante,-21.8019,-54.5464,73.6,60,9,5.61,BR,2022-02-12 01:33:58,clear sky
492,Lukulu,-14.3707,23.242,64.27,95,100,2.95,ZM,2022-02-12 01:33:59,light rain
493,Kavaratti,10.5669,72.642,80.1,76,59,8.77,IN,2022-02-12 01:33:59,broken clouds
494,Pedernales,18.0384,-71.744,77.43,58,0,5.95,DO,2022-02-12 01:33:59,clear sky
495,Vizinga,61.0749,50.1031,17.1,97,99,4.56,RU,2022-02-12 01:34:00,overcast clouds
496,Rio Grande,-32.035,-52.0986,75.31,84,19,19.53,BR,2022-02-12 01:29:48,few clouds
497,Te Anau,-45.4167,167.7167,66.15,41,98,5.1,NZ,2022-02-12 01:34:00,overcast clouds
498,Inuvik,68.3499,-133.7218,-19.19,73,40,3.44,CA,2022-02-12 01:34:01,scattered clouds
499,Mackenzie,55.2999,-123.1698,32.22,55,100,5.75,CA,2022-02-12 01:34:01,overcast clouds
500,Shahrud,36.4182,54.9763,36.05,83,100,8.16,IR,2022-02-12 01:34:01,overcast clouds
501,Miles City,46.4083,-105.8406,28.51,80,100,6.91,US,2022-02-12 01:34:02,overcast clouds
502,Zeya,53.75,127.2667,2.46,62,99,4.43,RU,2022-02-12 01:34:02,overcast clouds
503,Charlottetown,46.2352,-63.1267,34.09,77,100,10.36,CA,2022-02-12 01:32:01,overcast clouds
504,Portlethen,57.0547,-2.1307,41.04,89,40,24.16,GB,2022-02-12 01:34:03,scattered clouds
505,Kyshtovka,56.555,76.6271,-16.11,100,100,6.38,RU,2022-02-12 01:34:03,overcast clouds
506,Naze,28.3667,129.4833,61.72,70,87,10.42,JP,2022-02-12 01:34:04,overcast clouds
507,Aden,12.7794,45.0367,75.69,65,24,10.4,YE,2022-02-12 01:34:04,few clouds
508,San Miguel,13.4833,-88.1833,83.86,58,0,3.44,SV,2022-02-12 01:35:04,clear sky
509,Mareeba,-17.0,145.4333,85.48,60,4,5.23,AU,2022-02-12 01:35:05,clear sky
510,Morros,-9.4467,-46.3003,72.64,87,18,2.66,BR,2022-02-12 01:35:05,few clouds
511,Ola,59.5833,151.2833,4.64,63,99,3.47,RU,2022-02-12 01:35:06,overcast clouds
512,Port Shepstone,-30.7414,30.455,74.84,85,2,5.12,ZA,2022-02-12 01:35:06,clear sky
513,Saint Stephen,50.3333,-4.9,46.35,70,20,16.11,GB,2022-02-12 01:35:06,few clouds
514,Saldanha,-33.0117,17.9442,64.29,93,59,15.37,ZA,2022-02-12 01:35:07,broken clouds
515,Goundam,16.4145,-3.6708,62.8,19,1,9.31,ML,2022-02-12 01:35:07,clear sky
516,Seljord,59.4894,8.634,33.42,88,100,6.38,NO,2022-02-12 01:35:08,overcast clouds
517,Lorengau,-2.0226,147.2712,83.84,72,100,3.09,PG,2022-02-12 01:35:08,overcast clouds
518,Moose Factory,51.2585,-80.6094,-11.2,70,100,17.27,CA,2022-02-12 01:35:09,overcast clouds
519,Wanaka,-44.7,169.15,57.88,82,100,6.2,NZ,2022-02-12 01:32:21,overcast clouds
520,Santa Maria,-29.6842,-53.8069,74.5,73,0,8.05,BR,2022-02-12 01:35:09,clear sky
521,Torata,-17.0769,-70.8433,58.68,68,1,2.71,PE,2022-02-12 01:35:10,clear sky
522,Iberia,29.9502,-91.7507,57.27,71,0,5.75,US,2022-02-12 01:35:10,clear sky
523,Bilibino,68.0546,166.4372,-28.3,97,55,0.56,RU,2022-02-12 01:35:10,broken clouds
524,Nuuk,64.1835,-51.7216,34.41,69,100,6.91,GL,2022-02-12 01:35:11,light shower snow
525,Sovetskoye,52.2861,85.4131,-19.07,98,57,3.91,RU,2022-02-12 01:35:11,broken clouds
526,Dillingen,49.35,6.7333,32.34,81,8,3.49,DE,2022-02-12 01:35:12,clear sky
527,Butajira,8.1167,38.3667,56.62,49,58,5.12,ET,2022-02-12 01:35:12,broken clouds
528,Portland,45.5234,-122.6762,64.35,28,20,19.57,US,2022-02-12 01:33:33,few clouds
529,Chimbote,-9.0853,-78.5783,70.0,84,100,6.2,PE,2022-02-12 01:35:13,overcast clouds
530,Aklavik,68.2191,-135.0107,-21.17,96,8,9.15,CA,2022-02-12 01:35:13,clear sky
531,Yanam,16.7333,82.2167,70.2,81,92,3.67,IN,2022-02-12 01:35:14,overcast clouds
532,Wukari,7.85,9.7833,71.64,17,7,5.46,NG,2022-02-12 01:35:14,clear sky
533,Hamada,34.8833,132.0833,43.52,54,98,6.78,JP,2022-02-12 01:35:14,overcast clouds
534,Lima,-12.0432,-77.0282,73.9,71,0,14.97,PE,2022-02-12 01:31:27,clear sky
535,Terney,45.0503,136.6092,28.62,93,100,6.89,RU,2022-02-12 01:35:15,light snow
536,Nantucket,41.2835,-70.0995,45.14,86,0,5.75,US,2022-02-12 01:32:39,clear sky
537,Tukrah,32.5341,20.5791,51.15,77,1,7.18,LY,2022-02-12 01:35:16,clear sky
538,Pulandian,39.3953,121.9669,33.93,34,41,0.74,CN,2022-02-12 01:35:16,scattered clouds
539,San Andres,12.5847,-81.7006,80.62,74,20,10.36,CO,2022-02-12 01:31:26,few clouds
540,Mporokoso,-9.3727,30.125,60.06,94,100,2.8,ZM,2022-02-12 01:34:13,overcast clouds
541,Filadelfia,39.9523,-75.1638,55.33,44,40,11.5,US,2022-02-12 01:32:20,scattered clouds
542,Bani Walid,31.7566,13.9942,50.22,61,80,5.06,LY,2022-02-12 01:35:18,broken clouds
543,Santa Rosa,14.3122,121.1114,87.1,63,100,12.57,PH,2022-02-12 01:35:18,overcast clouds
544,Tiznit,29.5833,-9.5,52.45,59,0,4.61,MA,2022-02-12 01:35:19,clear sky
545,Vendome,47.8,1.0667,39.02,84,100,6.67,FR,2022-02-12 01:35:19,overcast clouds
546,Aquiraz,-3.9014,-38.3911,81.18,87,57,7.96,BR,2022-02-12 01:35:20,broken clouds
547,Labuhan,-6.8844,112.2051,78.01,86,100,8.55,ID,2022-02-12 01:35:20,overcast clouds
548,Yima,34.7381,111.8839,38.61,65,99,2.73,CN,2022-02-12 01:35:20,overcast clouds
549,Dhidhdhoo,6.8833,73.1,81.7,71,56,5.23,MV,2022-02-12 01:35:21,broken clouds
550,Kabanjahe,3.1001,98.4908,63.36,93,100,1.41,ID,2022-02-12 01:31:13,overcast clouds
551,Maribong,11.1,122.5333,78.39,88,100,10.69,PH,2022-02-12 01:35:21,overcast clouds
552,Trelew,-43.249,-65.3051,61.07,45,69,11.14,AR,2022-02-12 01:31:49,broken clouds
553,Opuwo,-18.0607,13.84,67.26,92,100,4.99,NA,2022-02-12 01:35:22,overcast clouds
554,West Wendover,40.7391,-114.0733,46.51,33,68,6.93,US,2022-02-12 01:35:23,broken clouds
555,Salto,-31.3833,-57.9667,81.88,57,100,21.99,UY,2022-02-12 01:35:02,overcast clouds
556,Staryy Urukh,43.3404,44.0187,35.98,70,1,4.56,RU,2022-02-12 01:36:23,clear sky
557,Ukholovo,53.7929,40.4892,14.07,96,10,7.74,RU,2022-02-12 01:36:24,clear sky
558,Kandrian,-6.2167,149.55,78.31,91,92,5.57,PG,2022-02-12 01:36:24,moderate rain
559,Amazar,53.858,120.875,-6.07,75,87,4.12,RU,2022-02-12 01:36:24,overcast clouds
560,Bocas Del Toro,9.3333,-82.25,78.57,77,64,4.99,PA,2022-02-12 01:36:25,broken clouds
561,Olafsvik,64.8945,-23.7142,27.52,73,100,23.04,IS,2022-02-12 01:36:25,overcast clouds
562,Rawicz,51.6095,16.8585,36.21,97,6,8.57,PL,2022-02-12 01:36:26,clear sky
563,Dunedin,-45.8742,170.5036,61.81,62,100,8.01,NZ,2022-02-12 01:36:26,overcast clouds
564,Santa Sofia,43.9445,11.9087,46.45,96,100,7.23,IT,2022-02-12 01:36:26,overcast clouds
565,Ipixuna,-1.7625,-48.8043,78.75,94,100,3.44,BR,2022-02-12 01:36:27,overcast clouds
566,Paamiut,61.994,-49.6678,32.13,76,100,25.97,GL,2022-02-12 01:36:27,overcast clouds
567,Gravdal,68.1214,13.5031,30.0,79,100,8.57,NO,2022-02-12 01:36:27,light snow
568,Togur,58.3631,82.8265,-15.36,99,43,6.08,RU,2022-02-12 01:36:28,scattered clouds
569,Skelleftea,64.7507,20.9528,21.56,86,100,5.75,SE,2022-02-12 01:36:28,overcast clouds
570,Kupang,-10.1667,123.5833,82.62,77,100,1.23,ID,2022-02-12 01:36:29,overcast clouds
571,Progreso,21.2833,-89.6667,77.11,80,100,13.56,MX,2022-02-12 01:36:29,overcast clouds
572,Mangai,-4.05,19.5333,72.19,92,98,2.44,CD,2022-02-12 01:36:29,overcast clouds
573,Agde,43.3108,3.4758,43.45,60,0,2.3,FR,2022-02-12 01:36:30,clear sky
574,Gejiu,23.306,103.1635,45.9,80,56,5.37,CN,2022-02-12 01:36:30,broken clouds
575,Sulangan,11.1373,123.7228,79.57,85,72,14.85,PH,2022-02-12 01:36:31,broken clouds
576,Vostok,46.4856,135.8833,18.28,93,100,3.67,RU,2022-02-12 01:36:31,light snow
577,Pokhara,28.2333,83.9833,50.31,37,0,3.8,NP,2022-02-12 01:36:31,clear sky
578,Derzhavinsk,51.1,66.3167,20.77,97,98,5.95,KZ,2022-02-12 01:36:32,overcast clouds
579,Turka,49.1541,23.0297,30.79,91,100,7.4,UA,2022-02-12 01:36:32,overcast clouds
580,Dekar,-21.5333,21.9333,68.07,73,44,5.03,BW,2022-02-12 01:36:33,scattered clouds
581,Bayburt,40.2589,40.2278,3.87,77,6,2.77,TR,2022-02-12 01:36:33,clear sky
582,Hay River,60.8156,-115.7999,-4.02,71,75,4.61,CA,2022-02-12 01:36:33,broken clouds
583,San Rafael,-34.6177,-68.3301,66.09,46,100,14.83,AR,2022-02-12 01:35:16,overcast clouds
584,Nioro,13.35,-15.75,77.4,12,28,11.86,GM,2022-02-12 01:36:34,scattered clouds
585,Pemba,-12.974,40.5178,75.74,88,100,5.95,MZ,2022-02-12 01:36:34,overcast clouds
586,Tucurui,-3.7661,-49.6725,73.29,96,99,3.0,BR,2022-02-12 01:36:35,overcast clouds
587,Dukat,62.55,155.55,-13.72,77,76,3.42,RU,2022-02-12 01:36:35,broken clouds
588,Hastings,50.8552,0.5729,45.0,77,91,14.38,GB,2022-02-12 01:36:35,overcast clouds
589,Morehead,37.2711,-87.1764,51.15,69,100,3.0,US,2022-02-12 01:34:29,overcast clouds
590,Maine-Soroa,13.2114,12.0241,60.26,20,0,10.49,NE,2022-02-12 01:36:36,clear sky
591,Panama City,8.9936,-79.5197,82.06,72,20,8.05,PA,2022-02-12 01:36:36,few clouds
592,Singkang,2.1006,102.7994,76.89,85,100,2.89,MY,2022-02-12 01:36:37,overcast clouds
593,Ixtapa,20.7,-105.2,74.43,60,0,8.05,MX,2022-02-12 01:36:37,clear sky
594,Decin,50.7822,14.2148,36.95,97,99,6.35,CZ,2022-02-12 01:36:37,light snow
595,Safranbolu,41.2508,32.6942,28.15,79,2,2.42,TR,2022-02-12 01:36:38,clear sky
596,Linares,-35.85,-71.6,65.17,21,0,2.84,CL,2022-02-12 01:36:38,clear sky
597,Rocha,-34.4833,-54.3333,68.02,96,100,3.96,UY,2022-02-12 01:36:39,moderate rain
598,Belmonte,-15.8631,-38.8828,79.3,87,26,3.38,BR,2022-02-12 01:36:39,scattered clouds
599,Santiago De Cao,-7.9589,-79.2392,69.93,83,100,8.05,PE,2022-02-12 01:36:39,mist
600,Boulsa,12.6675,-0.5758,72.41,11,1,8.46,BF,2022-02-12 01:36:40,clear sky
601,Katherine,-14.4667,132.2667,88.12,66,75,8.05,AU,2022-02-12 01:36:40,broken clouds
602,San Roque,36.2107,-5.3842,58.03,72,20,16.11,ES,2022-02-12 01:36:40,few clouds
603,Iguatu,-6.3594,-39.2986,75.67,79,95,4.29,BR,2022-02-12 01:36:41,overcast clouds
604,Gamba,-2.65,10.0,76.57,90,96,5.46,GA,2022-02-12 01:37:41,overcast clouds
605,Faya,18.3851,42.4509,51.91,88,8,3.58,SA,2022-02-12 01:37:42,clear sky
606,Djenne,13.9061,-4.5533,67.28,17,0,10.8,ML,2022-02-12 01:37:42,clear sky
607,Konstantinovka,49.6167,127.9833,5.22,90,100,11.95,RU,2022-02-12 01:37:43,overcast clouds
608,Akdepe,42.0551,59.3788,33.8,68,34,6.22,TM,2022-02-12 01:37:43,scattered clouds
609,Sistranda,63.7256,8.834,37.36,68,100,32.7,NO,2022-02-12 01:37:43,overcast clouds
610,Luebo,-5.35,21.4167,70.02,96,93,2.01,CD,2022-02-12 01:37:44,overcast clouds
611,Oranjestad,12.524,-70.027,80.55,69,20,19.57,AW,2022-02-12 01:37:44,few clouds
612,Khani,41.9563,42.9566,26.17,77,13,7.81,GE,2022-02-12 01:37:44,few clouds
613,Danielskuil,-28.1887,23.5395,69.24,56,19,5.73,ZA,2022-02-12 01:37:45,few clouds
614,Cicero Dantas,-10.6,-38.3833,72.64,79,11,7.74,BR,2022-02-12 01:37:45,few clouds
615,Kamen-Rybolov,44.7481,132.0403,16.84,64,17,6.6,RU,2022-02-12 01:37:46,few clouds
616,Calvinia,-31.4707,19.776,76.06,24,99,2.71,ZA,2022-02-12 01:37:46,overcast clouds
617,Sorong,-0.8833,131.25,82.9,71,99,1.61,ID,2022-02-12 01:37:46,overcast clouds
618,Husavik,66.0449,-17.3389,21.11,85,100,8.28,IS,2022-02-12 01:37:47,overcast clouds
619,Chara,56.9064,118.2631,-22.59,92,100,1.23,RU,2022-02-12 01:37:47,overcast clouds
620,Kusti,13.1629,32.6635,66.58,15,0,11.16,SD,2022-02-12 01:37:48,clear sky
621,Robertsport,6.7533,-11.3686,78.26,91,4,7.18,LR,2022-02-12 01:37:48,light rain
622,Belaya Gora,68.5333,146.4167,-21.66,94,98,5.03,RU,2022-02-12 01:37:48,overcast clouds
623,Antofagasta,-23.65,-70.4,69.08,78,10,5.21,CL,2022-02-12 01:37:49,clear sky
624,Burnie,-41.0667,145.9167,64.92,56,0,8.57,AU,2022-02-12 01:37:49,clear sky
625,Unhel,23.3333,75.5667,52.74,47,4,3.83,IN,2022-02-12 01:37:50,clear sky
626,Pampa,35.5362,-100.9599,46.56,57,0,8.05,US,2022-02-12 01:32:54,clear sky
627,Lumsden,50.6501,-104.8678,5.97,92,100,1.77,CA,2022-02-12 01:37:50,overcast clouds
628,Nkhata Bay,-11.6066,34.2907,70.99,87,100,5.86,MW,2022-02-12 01:37:50,overcast clouds
629,Sembe,1.6481,14.5806,69.6,59,12,1.81,CG,2022-02-12 01:37:51,few clouds
630,Esmeraldas,-19.7625,-44.3139,69.04,98,100,3.18,BR,2022-02-12 01:37:51,overcast clouds
631,Ponta Delgada,37.7333,-25.6667,61.5,63,75,8.05,PT,2022-02-12 01:37:52,broken clouds
632,Ponta Pora,-22.5361,-55.7256,71.04,51,0,7.72,BR,2022-02-12 01:37:52,clear sky
633,Santa Isabel Do Rio Negro,-0.4139,-65.0192,73.17,98,100,1.12,BR,2022-02-12 01:37:52,moderate rain
634,Blankenberge,51.3131,3.1323,37.35,82,100,12.19,BE,2022-02-12 01:37:53,overcast clouds
635,Bangangte,5.1409,10.5198,61.68,66,16,2.55,CM,2022-02-12 01:37:53,few clouds
636,Agirish,61.9247,63.0231,2.28,92,100,10.67,RU,2022-02-12 01:37:54,overcast clouds
637,Mbandaka,0.0487,18.2603,76.03,48,99,1.01,CD,2022-02-12 01:37:54,overcast clouds
638,Hambantota,6.1241,81.1185,75.54,100,20,5.75,LK,2022-02-12 01:37:54,few clouds
639,Maragogi,-9.0122,-35.2225,79.21,80,19,8.03,BR,2022-02-12 01:37:55,few clouds
640,Eyl,7.9803,49.8164,71.49,68,100,12.15,SO,2022-02-12 01:37:55,overcast clouds
641,Mul,20.0667,79.6667,57.69,32,89,5.28,IN,2022-02-12 01:37:55,overcast clouds
642,Villa Del Rosario,7.8339,-72.4742,75.58,73,40,3.44,CO,2022-02-12 01:37:56,scattered clouds
643,Palana,59.1167,159.9667,-2.58,84,17,5.35,RU,2022-02-12 01:37:56,few clouds
644,Humaita,-7.5061,-63.0208,73.96,97,100,2.28,BR,2022-02-12 01:37:57,moderate rain
645,Beira,-19.8436,34.8389,82.49,69,40,11.5,MZ,2022-02-12 01:37:57,scattered clouds
646,Dirba,30.0667,75.9833,45.39,61,0,6.02,IN,2022-02-12 01:37:57,clear sky
647,Glace Bay,46.1969,-59.957,30.96,87,20,8.05,CA,2022-02-12 01:37:58,few clouds
648,Bugulma,54.55,52.8,22.05,97,100,5.7,RU,2022-02-12 01:37:58,light snow
649,La Ronge,55.1001,-105.2842,-7.35,71,100,3.44,CA,2022-02-12 01:37:58,overcast clouds
650,Whitefish,48.4111,-114.3376,37.15,60,0,3.44,US,2022-02-12 01:33:11,clear sky
651,Ewa Beach,21.3156,-158.0072,81.77,57,0,12.66,US,2022-02-12 01:36:52,clear sky
652,Vetlanda,57.4289,15.0776,30.07,76,7,12.24,SE,2022-02-12 01:38:59,clear sky
653,Jaroslaw,50.0162,22.6778,36.81,81,87,13.38,PL,2022-02-12 01:39:00,overcast clouds
654,Karratha,-20.7377,116.8463,91.56,52,6,8.01,AU,2022-02-12 01:39:00,clear sky
655,Krasnoselkup,65.7,82.4667,-11.69,86,2,9.8,RU,2022-02-12 01:39:00,clear sky
656,Dali,25.7,100.1833,46.87,64,0,2.51,CN,2022-02-12 01:39:01,clear sky
657,Natal,-5.795,-35.2094,82.62,83,75,9.22,BR,2022-02-12 01:35:07,broken clouds
658,Padre Bernardo,-15.35,-48.5,67.73,93,100,1.19,BR,2022-02-12 01:39:01,overcast clouds
659,Redwater,33.3582,-94.2544,61.48,44,39,4.79,US,2022-02-12 01:39:02,scattered clouds
660,Mendi,-6.1761,143.6513,70.25,42,96,4.92,PG,2022-02-12 01:39:02,overcast clouds
661,Nueva Guinea,11.6876,-84.4562,70.84,94,54,7.02,NI,2022-02-12 01:39:02,broken clouds
662,Lockport,41.5895,-88.0578,31.98,82,100,14.97,US,2022-02-12 01:39:03,overcast clouds
663,Loikaw,19.6742,97.2094,69.98,24,62,1.28,MM,2022-02-12 01:39:03,broken clouds
664,Ikot Ekpene,5.1794,7.7108,76.44,84,2,3.42,NG,2022-02-12 01:39:04,clear sky
665,Salinas,36.6777,-121.6555,74.21,49,0,12.66,US,2022-02-12 01:39:04,clear sky
666,Alta Floresta,-9.8756,-56.0861,71.92,96,96,2.06,BR,2022-02-12 01:39:04,overcast clouds
667,Port Augusta,-32.5,137.7667,85.71,19,0,3.62,AU,2022-02-12 01:39:05,clear sky
668,Makanya,-4.3667,37.8333,69.94,89,100,1.95,TZ,2022-02-12 01:39:06,overcast clouds
669,Cairns,-16.9167,145.7667,91.29,62,40,8.05,AU,2022-02-12 01:39:06,scattered clouds
670,Kalmunai,7.4167,81.8167,76.66,88,99,4.54,LK,2022-02-12 01:39:06,overcast clouds
671,Chulman,56.8479,124.9104,-18.49,93,100,4.0,RU,2022-02-12 01:39:07,overcast clouds
672,Catamarca,-28.4696,-65.7852,71.78,87,100,1.99,AR,2022-02-12 01:34:57,overcast clouds
673,Banikoara,11.2985,2.4386,71.92,14,35,5.37,BJ,2022-02-12 01:39:07,scattered clouds
674,Poltavka,54.3663,71.7632,-7.17,93,100,15.3,RU,2022-02-12 01:39:08,overcast clouds
675,Naryan-Mar,67.6713,53.087,13.73,91,100,17.43,RU,2022-02-12 01:39:08,light snow
676,Trat,12.5,102.5,83.25,81,100,1.12,TH,2022-02-12 01:39:08,overcast clouds
677,Castletown,53.0281,-9.0686,46.89,92,100,18.79,IE,2022-02-12 01:39:09,overcast clouds
678,Aswan,24.0934,32.907,49.3,49,0,6.91,EG,2022-02-12 01:39:09,clear sky
679,Bowling Green,36.9903,-86.4436,63.34,33,100,8.05,US,2022-02-12 01:39:10,overcast clouds
680,Jeremoabo,-10.075,-38.4808,72.79,77,19,4.94,BR,2022-02-12 01:39:10,few clouds
681,Jiaojiang,28.6803,121.4428,51.01,88,94,7.16,CN,2022-02-12 01:39:10,overcast clouds
682,Baijiantan,45.6333,85.1833,8.85,96,100,4.34,CN,2022-02-12 01:39:11,overcast clouds
683,San Vicente De Canete,-13.0751,-76.3835,70.18,84,100,2.53,PE,2022-02-12 01:39:11,overcast clouds
684,Guarapari,-20.6667,-40.4975,73.29,94,100,6.6,BR,2022-02-12 01:39:11,overcast clouds
685,Boa Vista,2.8197,-60.6733,84.18,54,0,5.75,BR,2022-02-12 01:39:12,clear sky
686,Matara,5.9485,80.5353,75.54,89,100,7.05,LK,2022-02-12 01:39:12,overcast clouds
687,North Bend,43.4065,-124.2243,58.91,85,0,9.22,US,2022-02-12 01:39:13,clear sky
688,Whitecourt,54.1502,-115.6855,31.24,43,75,6.91,CA,2022-02-12 01:37:16,broken clouds
689,Kajaani,64.2273,27.7285,12.25,92,35,4.61,FI,2022-02-12 01:39:13,scattered clouds
690,Berbera,10.4396,45.0143,72.66,65,33,5.68,SO,2022-02-12 01:39:14,scattered clouds
691,Santiago,-33.4569,-70.6483,73.85,42,0,8.05,CL,2022-02-12 01:39:14,clear sky
692,Goya,-29.14,-59.2626,77.34,50,88,16.6,AR,2022-02-12 01:39:14,overcast clouds
693,Shanhetun,44.7,127.2,7.11,90,96,5.55,CN,2022-02-12 01:39:15,overcast clouds
694,Dingle,10.9995,122.6711,80.62,81,98,11.79,PH,2022-02-12 01:39:15,overcast clouds
695,Pahrump,36.2083,-115.9839,75.25,12,0,7.49,US,2022-02-12 01:38:41,clear sky
696,Killin,33.6123,-91.7412,66.15,34,0,6.91,US,2022-02-12 01:39:16,clear sky
697,Yarovoye,52.9273,78.58,-13.0,100,84,9.42,RU,2022-02-12 01:39:16,broken clouds
